product_name, sales_percentage,sales
Regency cakestand 3 tier,2.50%,$14.4K
Jumbo bag red retrospot,1.50%,$8.5K
Party bunting,1.10%,$6.1K
Postage,0.90%,$5.3K
White hanging heart t-light holder,0.90%,$5.3K
Jumbo bag strawberry,0.90%,$4.9K
Jumbo bag pink polkadot,0.80%,$4.7K
Assorted colour bird ornament,0.70%,$4.0K
Vintage union jack bunting,0.70%,$3.7K
Paper chain kit empire,0.60%,$3.7K
Set of 3 cake tins pantry design,0.60%,$3.6K
Jam making set with jars,0.60%,$3.4K
Wooden union jack bunting,0.60%,$3.3K
Cream sweetheart mini chest,0.50%,$3.1K
Lunch box i love london,0.50%,$3.0K
Jumbo  bag baroque black white,0.50%,$3.0K
Wood black board ant white finish,0.50%,$3.0K
Jumbo bag pink vintage paisley,0.50%,$2.9K
Set 2 tea towels i love london,0.50%,$2.7K
Vintage union jack memoboard,0.50%,$2.7K
Jumbo bag scandinavian blue paisley,0.50%,$2.6K
Victorian glass hanging t-light,0.50%,$2.6K
Please one person metal sign,0.40%,$2.5K
Jumbo bag owls,0.40%,$2.5K
Edwardian parasol natural,0.40%,$2.5K
Spaceboy lunch box,0.40%,$2.5K
Jumbo bag spaceboy design,0.40%,$2.4K
Dolly girl lunch box,0.40%,$2.4K
Doormat union flag,0.40%,$2.3K
Chilli lights,0.40%,$2.3K
Jumbo bag woodland animals,0.40%,$2.2K
Lunch bag red retrospot,0.40%,$2.2K
Natural slate heart chalkboard,0.40%,$2.2K
Spaceboy baby gift set,0.40%,$2.1K
Jumbo storage bag suki,0.40%,$2.1K
Jam making set printed,0.40%,$2.1K
Hanging heart jar t-light holder,0.40%,$2.0K
Assorted colours silk fan,0.30%,$2.0K
Roses regency teacup and saucer,0.30%,$2.0K
Dolly girl baby gift set,0.30%,$1.9K
Homemade jam scented candles,0.30%,$1.9K
Set of 6 spice tins pantry design,0.30%,$1.9K
Pack of 72 retrospot cake cases,0.30%,$1.9K
Cream heart card holder,0.30%,$1.8K
Jumbo bag toys,0.30%,$1.8K
Doormat new england,0.30%,$1.8K
Jumbo shopper vintage red paisley,0.30%,$1.7K
Wooden frame antique white,0.30%,$1.7K
Mini paint set vintage,0.30%,$1.7K
Doormat red retrospot,0.30%,$1.7K
Lunch bag  black skull.,0.30%,$1.6K
Cook with wine metal sign,0.30%,$1.6K
Circus parade baby gift set,0.30%,$1.6K
Round snack boxes set of 4 fruits,0.30%,$1.6K
Small popcorn holder,0.30%,$1.6K
Sweetheart cakestand 3 tier,0.30%,$1.6K
Lunch bag pink polkadot,0.30%,$1.6K
Memo board retrospot  design,0.30%,$1.5K
Heart of wicker small,0.30%,$1.5K
Home building block word,0.30%,$1.5K
Classic metal birdcage plant holder,0.30%,$1.5K
Set of 4 pantry jelly moulds,0.30%,$1.5K
Set 2 pantry design tea towels,0.30%,$1.5K
Paper bunting white lace,0.30%,$1.5K
Lunch bag cars blue,0.30%,$1.5K
Gumball coat rack,0.30%,$1.5K
Wooden picture frame white finish,0.30%,$1.5K
Lunch bag woodland,0.30%,$1.5K
Paper bunting retrospot,0.30%,$1.5K
Red retrospot cake stand,0.20%,$1.4K
Victorian sewing box small,0.20%,$1.4K
3 tier cake tin red and cream,0.20%,$1.4K
Retrospot tea set ceramic 11 pc,0.20%,$1.4K
Recipe box pantry yellow design,0.20%,$1.4K
Doormat hearts,0.20%,$1.3K
Pack of 60 pink paisley cake cases,0.20%,$1.3K
Lunch bag suki design,0.20%,$1.3K
Set/20 red retrospot paper napkins,0.20%,$1.3K
Strawberry ceramic trinket box,0.20%,$1.3K
Picnic basket wicker small,0.20%,$1.3K
Easter craft 4 chicks,0.20%,$1.3K
Red  harmonica in box,0.20%,$1.3K
Wood 2 drawer cabinet white finish,0.20%,$1.3K
Gin + tonic diet metal sign,0.20%,$1.3K
Wood s/3 cabinet ant white finish,0.20%,$1.3K
3 hook photo shelf antique white,0.20%,$1.3K
Round snack boxes set of4 woodland,0.20%,$1.3K
Ladies & gentlemen metal sign,0.20%,$1.3K
Feltcraft cushion rabbit,0.20%,$1.2K
Potting shed rose candle,0.20%,$1.2K
Doormat fairy cake,0.20%,$1.2K
Vintage blue kitchen cabinet,0.20%,$1.2K
Baking set 9 piece retrospot,0.20%,$1.2K
Green regency teacup and saucer,0.20%,$1.2K
Set 3 paper vintage chick paper egg,0.20%,$1.2K
Doormat spotty home sweet home,0.20%,$1.2K
White wood garden plant ladder,0.20%,$1.2K
Feltcraft cushion butterfly,0.20%,$1.2K
Hand over the chocolate   sign,0.20%,$1.2K
Clothes pegs retrospot pack 24,0.20%,$1.2K
Potting shed twine,0.20%,$1.1K
Hot baths metal sign,0.20%,$1.1K
Pink happy birthday bunting,0.20%,$1.1K
Pantry rolling pin,0.20%,$1.1K
Potting shed candle citronella,0.20%,$1.1K
Plasters in tin woodland animals,0.20%,$1.1K
Bread bin diner style mint,0.20%,$1.1K
Set of 20 kids cookie cutters,0.20%,$1.1K
Polkadot pen,0.20%,$1.1K
Doormat fancy font home sweet home,0.20%,$1.1K
Lunch bag spaceboy design,0.20%,$1.1K
Pantry washing up brush,0.20%,$1.1K
6 ribbons rustic charm,0.20%,$1.1K
Doormat english rose,0.20%,$1.0K
Jumbo storage bag skulls,0.20%,$1.0K
No singing metal sign,0.20%,$1.0K
Set/4 white retro storage cubes,0.20%,$1.0K
Set of 72 retrospot paper  doilies,0.20%,$1.0K
Red retrospot round cake tins,0.20%,$1.0K
Strawberry lunch box with cutlery,0.20%,$1.0K
Set/5 red retrospot lid glass bowls,0.20%,$1.0K
Red retrospot picnic bag,0.20%,$1.0K
Pantry scrubbing brush,0.20%,$1.0K
60 teatime fairy cake cases,0.20%,$1.0K
Set 3 song bird paper eggs assorted,0.20%,$0.9K
Childrens cutlery retrospot red,0.20%,$0.9K
Garland wooden happy easter,0.20%,$0.9K
Black record cover frame,0.20%,$0.9K
World war 2 gliders asstd designs,0.20%,$0.9K
Red retrospot peg bag,0.20%,$0.9K
Alarm clock bakelike green,0.20%,$0.9K
Strawberry   picnic bag,0.20%,$0.9K
Tea time table cloth,0.20%,$0.9K
Jumbo bag dolly girl design,0.20%,$0.9K
Paper chain kit retrospot,0.20%,$0.9K
Box of vintage alphabet blocks,0.20%,$0.9K
Lunch bag dolly girl design,0.20%,$0.9K
Gingerbread man cookie cutter,0.20%,$0.9K
Cast iron hook garden fork,0.20%,$0.9K
Traditional wooden skipping rope,0.20%,$0.9K
Plasters in tin circus parade,0.20%,$0.9K
Pack of 12 london tissues,0.20%,$0.9K
Alarm clock bakelike red,0.20%,$0.9K
Revolver wooden ruler,0.20%,$0.9K
London bus coffee mug,0.20%,$0.9K
Pink regency teacup and saucer,0.20%,$0.9K
Assorted colour mini cases,0.20%,$0.9K
Brocade ring purse,0.20%,$0.9K
Feltcraft cushion owl,0.20%,$0.9K
Baking mould easter egg milk choc,0.20%,$0.9K
Tea time party bunting,0.20%,$0.9K
Doormat welcome to our home,0.20%,$0.9K
Wooden croquet garden set,0.10%,$0.9K
Large circular mirror mobile,0.10%,$0.9K
Set of 2 tea towels apple and pears,0.10%,$0.9K
Woodland charlotte bag,0.10%,$0.8K
Ivory diner wall clock,0.10%,$0.8K
Set of 72 pink heart paper doilies,0.10%,$0.8K
Deluxe sewing kit,0.10%,$0.8K
Red kitchen scales,0.10%,$0.8K
Enamel flower jug cream,0.10%,$0.8K
Funky diva pen,0.10%,$0.8K
Metal 4 hook hanger french chateau,0.10%,$0.8K
Set/3 red gingham rose storage box,0.10%,$0.8K
Hanging jam jar t-light holder,0.10%,$0.8K
Hanging heart zinc t-light holder,0.10%,$0.8K
Washroom metal sign,0.10%,$0.8K
Vintage cream dog food container,0.10%,$0.8K
Black kitchen scales,0.10%,$0.8K
Picnic basket wicker large,0.10%,$0.8K
Feltcraft 6 flower friends,0.10%,$0.8K
Cream cupid hearts coat hanger,0.10%,$0.8K
Red retrospot umbrella,0.10%,$0.8K
Plasters in tin strongman,0.10%,$0.8K
Bread bin diner style red,0.10%,$0.8K
Rustic  seventeen drawer sideboard,0.10%,$0.8K
Ivory kitchen scales,0.10%,$0.8K
Plasters in tin spaceboy,0.10%,$0.8K
Photo frame cornice,0.10%,$0.8K
Red retrospot charlotte bag,0.10%,$0.8K
12 pencils small tube red retrospot,0.10%,$0.8K
Vintage cream 3 basket cake stand,0.10%,$0.8K
Pottering mug,0.10%,$0.8K
Doormat multicolour stripe,0.10%,$0.8K
Set/6 red spotty paper plates,0.10%,$0.8K
Red hanging heart t-light holder,0.10%,$0.8K
Pack of 6 birdy gift tags,0.10%,$0.8K
Set of 36 teatime paper doilies,0.10%,$0.8K
Fine wicker heart,0.10%,$0.8K
Grow a flytrap or sunflower in tin,0.10%,$0.8K
3 piece spaceboy cookie cutter set,0.10%,$0.8K
Vintage red kitchen cabinet,0.10%,$0.8K
Recipe box retrospot,0.10%,$0.7K
Rose cottage keepsake box,0.10%,$0.7K
Baking set spaceboy design,0.10%,$0.7K
Set of 3 heart cookie cutters,0.10%,$0.7K
Ivory giant garden thermometer,0.10%,$0.7K
Set of 5 lucky cat magnets,0.10%,$0.7K
Red diner wall clock,0.10%,$0.7K
Edwardian parasol black,0.10%,$0.7K
Recycled acapulco mat turquoise,0.10%,$0.7K
Cast iron hook garden trowel,0.10%,$0.7K
Carriage,0.10%,$0.7K
Giraffe wooden ruler,0.10%,$0.7K
Antique silver tea glass etched,0.10%,$0.7K
Love building block word,0.10%,$0.7K
Pack of 72 skull cake cases,0.10%,$0.7K
Red retrospot mini cases,0.10%,$0.7K
Memo board cottage design,0.10%,$0.7K
Novelty biscuits cake stand 3 tier,0.10%,$0.7K
Laundry 15c metal sign,0.10%,$0.7K
Natural slate chalkboard large,0.10%,$0.7K
Coffee mug apples design,0.10%,$0.7K
Red stripe ceramic drawer knob,0.10%,$0.7K
Red retrospot small milk jug,0.10%,$0.7K
Blue stripe ceramic drawer knob,0.10%,$0.7K
Blue happy birthday bunting,0.10%,$0.7K
Lunch box with cutlery retrospot,0.10%,$0.7K
Antique silver tea glass engraved,0.10%,$0.7K
Pink cream felt craft trinket box,0.10%,$0.7K
4 traditional spinning tops,0.10%,$0.7K
Daisy garden marker,0.10%,$0.7K
Hanging chick cream decoration,0.10%,$0.7K
Colour glass t-light holder hanging,0.10%,$0.7K
Red toadstool led night light,0.10%,$0.7K
Wooden school colouring set,0.10%,$0.7K
72 sweetheart fairy cake cases,0.10%,$0.7K
Family album white picture frame,0.10%,$0.7K
Watering can garden marker,0.10%,$0.6K
Childrens cutlery polkadot pink,0.10%,$0.6K
Coffee mug pears  design,0.10%,$0.6K
Set 10 lights night owl,0.10%,$0.6K
Cream sweetheart egg holder,0.10%,$0.6K
Antique tall swirlglass trinket pot,0.10%,$0.6K
Candleholder pink hanging heart,0.10%,$0.6K
Area patrolled metal sign,0.10%,$0.6K
Bull dog bottle opener,0.10%,$0.6K
Enamel bread bin cream,0.10%,$0.6K
Retrospot party bag + sticker set,0.10%,$0.6K
Bath building block word,0.10%,$0.6K
Red retrospot plate,0.10%,$0.6K
Soldiers egg cup,0.10%,$0.6K
Painted metal pears assorted,0.10%,$0.6K
Pack of 20 napkins pantry design,0.10%,$0.6K
Pink baby bunting,0.10%,$0.6K
Pack of 12 skull tissues,0.10%,$0.6K
Wooden rounders garden set,0.10%,$0.6K
Birdhouse garden marker,0.10%,$0.6K
Set of 3 butterfly cookie cutters,0.10%,$0.6K
Childs breakfast set spaceboy,0.10%,$0.6K
Small glass heart trinket pot,0.10%,$0.6K
Charlotte bag pink polkadot,0.10%,$0.6K
You're confusing me metal sign,0.10%,$0.6K
I love london baby gift set,0.10%,$0.6K
Traditional knitting nancy,0.10%,$0.6K
Blue polkadot plate,0.10%,$0.6K
Coffee mug cat + bird design,0.10%,$0.6K
Recycled acapulco mat red,0.10%,$0.6K
Love seat antique white metal,0.10%,$0.6K
Pack of 60 dinosaur cake cases,0.10%,$0.6K
Organiser wood antique white,0.10%,$0.6K
Strawberry charlotte bag,0.10%,$0.6K
Set/2 red retrospot tea towels,0.10%,$0.6K
Vintage union jack pennant,0.10%,$0.6K
Charlotte bag suki design,0.10%,$0.6K
Single heart zinc t-light holder,0.10%,$0.6K
Wooden box of dominoes,0.10%,$0.6K
12 pencils small tube skull,0.10%,$0.6K
Picture frame wood triple portrait,0.10%,$0.6K
Clear drawer knob acrylic edwardian,0.10%,$0.6K
Set of 3 notebooks in parcel,0.10%,$0.6K
Filigris heart with butterfly,0.10%,$0.6K
Childrens apron spaceboy design,0.10%,$0.6K
5 hook hanger red magic toadstool,0.10%,$0.6K
First aid tin,0.10%,$0.6K
Baking mould heart milk chocolate,0.10%,$0.6K
Wooden happy birthday garland,0.10%,$0.6K
Blue harmonica in box,0.10%,$0.6K
Recycling bag retrospot,0.10%,$0.6K
Lantern cream gazebo,0.10%,$0.5K
Plasters in tin vintage paisley,0.10%,$0.5K
Paper bunting coloured lace,0.10%,$0.5K
Swiss roll towel pink  spots,0.10%,$0.5K
Set/10 red polkadot party candles,0.10%,$0.5K
Beware of the cat metal sign,0.10%,$0.5K
Vintage snap cards,0.10%,$0.5K
Red retrospot bowl,0.10%,$0.5K
Sombrero,0.10%,$0.5K
Red retrospot traditional teapot,0.10%,$0.5K
Place setting white heart,0.10%,$0.5K
Retrospot large milk jug,0.10%,$0.5K
Set of 5 mini grocery magnets,0.10%,$0.5K
Home sweet home metal sign,0.10%,$0.5K
Poppy's playhouse bedroom,0.10%,$0.5K
Pack of 60 spaceboy cake cases,0.10%,$0.5K
Childs breakfast set dolly girl,0.10%,$0.5K
"Record frame 7"" single size ",0.10%,$0.5K
Ice cream pen lip gloss,0.10%,$0.5K
Doormat black flock,0.10%,$0.5K
Circus parade lunch box,0.10%,$0.5K
Photo frame 3 classic hanging,0.10%,$0.5K
Toilet sign occupied or vacant,0.10%,$0.5K
Doughnut lip gloss,0.10%,$0.5K
Doormat home sweet home blue,0.10%,$0.5K
Coffee mug pink paisley design,0.10%,$0.5K
Alarm clock bakelike pink,0.10%,$0.5K
Abc treasure book box,0.10%,$0.5K
Vintage union jack cushion cover,0.10%,$0.5K
60 cake cases dolly girl design,0.10%,$0.5K
Set of 4 jam jar magnets,0.10%,$0.5K
Set of 5 pancake day magnets,0.10%,$0.5K
Poppy's playhouse kitchen,0.10%,$0.5K
Feltcraft princess charlotte doll,0.10%,$0.5K
Triple photo frame cornice,0.10%,$0.5K
Antique silver t-light glass,0.10%,$0.5K
Blue diner wall clock,0.10%,$0.5K
Balloon water bomb pack of 35,0.10%,$0.5K
Cake stand 3 tier magic garden,0.10%,$0.5K
Recycled acapulco mat green,0.10%,$0.5K
Family photo frame cornice,0.10%,$0.5K
Cream felt easter egg basket,0.10%,$0.5K
Travel sewing kit,0.10%,$0.5K
Blue spot ceramic drawer knob,0.10%,$0.5K
Set 12 kids colour  chalk sticks,0.10%,$0.5K
Feltcraft butterfly hearts,0.10%,$0.5K
Blue polkadot cup,0.10%,$0.5K
Set of 36 doilies spaceboy design,0.10%,$0.5K
Frying pan union flag,0.10%,$0.5K
Party cones candy assorted,0.10%,$0.5K
Retrospot childrens apron,0.10%,$0.5K
Edwardian parasol red,0.10%,$0.5K
Set/10 pink polkadot party candles,0.10%,$0.5K
Vintage cream cat food container,0.10%,$0.5K
Heart ivory trellis small,0.10%,$0.5K
Heart filigree dove  small,0.10%,$0.5K
Home sweet home mug,0.10%,$0.5K
Baking mould toffee cup chocolate,0.10%,$0.5K
Natural slate rectangle chalkboard,0.10%,$0.5K
Regency mirror with shutters,0.10%,$0.5K
Babushka lights string of 10,0.10%,$0.5K
Watering can pink bunny,0.10%,$0.5K
Party metal sign,0.10%,$0.5K
Pottering in the shed metal sign,0.10%,$0.5K
Vintage heads and tails card game,0.10%,$0.5K
Bread bin diner style pink,0.10%,$0.5K
Set 7 babushka nesting boxes,0.10%,$0.5K
Hen house decoration,0.10%,$0.5K
Pink drawer knob acrylic edwardian,0.10%,$0.4K
Set/6 red spotty paper cups,0.10%,$0.4K
Alarm clock bakelike orange,0.10%,$0.4K
Pantry pastry brush,0.10%,$0.4K
Pink fairy cake childrens apron,0.10%,$0.4K
Round cake tin vintage red,0.10%,$0.4K
Cupcake lace paper set 6,0.10%,$0.4K
Set/20 strawberry paper napkins,0.10%,$0.4K
Jam jar with pink lid,0.10%,$0.4K
Treasure island book box,0.10%,$0.4K
Feltcraft princess lola doll,0.10%,$0.4K
Ivory hanging decoration  heart,0.10%,$0.4K
Skull lunch box with cutlery,0.10%,$0.4K
Easter tin keepsake,0.10%,$0.4K
Set 20 napkins fairy cakes design,0.10%,$0.4K
Multi colour silver t-light holder,0.10%,$0.4K
Retrospot red washing up gloves,0.10%,$0.4K
Hanging chick  yellow decoration,0.10%,$0.4K
3 stripey mice feltcraft,0.10%,$0.4K
Queens guard coffee mug,0.10%,$0.4K
Girls alphabet iron on patches,0.10%,$0.4K
I'm on holiday metal sign,0.10%,$0.4K
Hanging hen on nest decoration,0.10%,$0.4K
Wooden owls light garland,0.10%,$0.4K
Chocolate this way metal sign,0.10%,$0.4K
Doormat 3 smiley cats,0.10%,$0.4K
Heart ivory trellis large,0.10%,$0.4K
Red retrospot shopper bag,0.10%,$0.4K
White metal lantern,0.10%,$0.4K
Round container set of 5 retrospot,0.10%,$0.4K
Small red retrospot windmill,0.10%,$0.4K
Pack of 6 pannetone gift boxes,0.10%,$0.4K
Enamel measuring jug cream,0.10%,$0.4K
Fuschia retro bar stool,0.10%,$0.4K
Feltcraft girl amelie kit,0.10%,$0.4K
Poppy's playhouse livingroom,0.10%,$0.4K
Lovebird hanging decoration white,0.10%,$0.4K
Hanging chick green decoration,0.10%,$0.4K
Red retrospot mug,0.10%,$0.4K
Sweetheart ceramic trinket box,0.10%,$0.4K
Jumbo bag charlie and lola toys,0.10%,$0.4K
Pink blue felt craft trinket box,0.10%,$0.4K
Pink polkadot bowl,0.10%,$0.4K
Cotton apron pantry design,0.10%,$0.4K
Feltcraft doll rosie,0.10%,$0.4K
Red retrospot oven glove,0.10%,$0.4K
Red retrospot butter dish,0.10%,$0.4K
Clock magnet mum's kitchen,0.10%,$0.4K
Pink metal chicken heart,0.10%,$0.4K
Light garland butterfiles pink,0.10%,$0.4K
Recycled acapulco mat pink,0.10%,$0.4K
36 foil heart cake cases,0.10%,$0.4K
Blue polkadot bowl,0.10%,$0.4K
Traditional modelling clay,0.10%,$0.4K
Easter tin chicks pink daisy,0.10%,$0.4K
"Set 3 retrospot tea,coffee,sugar",0.10%,$0.4K
Doormat union jack guns and roses,0.10%,$0.4K
Paper bunting vintage paisley,0.10%,$0.4K
White spot blue ceramic drawer knob,0.10%,$0.4K
Plasters in tin skulls,0.10%,$0.4K
Pink  polkadot plate,0.10%,$0.4K
Girls vintage tin seaside bucket,0.10%,$0.4K
3 tier sweetheart garden shelf,0.10%,$0.4K
Set of 2 wooden market crates,0.10%,$0.4K
Bingo set,0.10%,$0.4K
Set 12 retro white chalk sticks,0.10%,$0.4K
Alarm clock bakelike ivory,0.10%,$0.4K
T-light glass fluted antique,0.10%,$0.4K
Pack of 20 napkins red apples,0.10%,$0.4K
Pink polkadot wrap,0.10%,$0.4K
Watering can blue elephant,0.10%,$0.4K
White spot red ceramic drawer knob,0.10%,$0.4K
Set of salt and pepper toadstools,0.10%,$0.4K
Gumball magazine rack,0.10%,$0.4K
Zinc metal heart decoration,0.10%,$0.4K
Hanging metal heart lantern,0.10%,$0.4K
Feltcraft doll molly,0.10%,$0.4K
Doormat topiary,0.10%,$0.4K
Heart shape wireless doorbell,0.10%,$0.4K
Red retrospot tea cup and saucer,0.10%,$0.4K
Charlotte bag dolly girl design,0.10%,$0.4K
Easter tin bunny bouquet,0.10%,$0.4K
Glass jar marmalade,0.10%,$0.4K
Jam jar with green lid,0.10%,$0.4K
Recipe box blue sketchbook design,0.10%,$0.3K
Red paper parasol,0.10%,$0.3K
Jam clock magnet,0.10%,$0.3K
10 colour spaceboy pen,0.10%,$0.3K
Pack of 6 sweetie gift boxes,0.10%,$0.3K
Mini cake stand  hanging strawbery,0.10%,$0.3K
Small chinese style scissor,0.10%,$0.3K
Retro coffee mugs assorted,0.10%,$0.3K
Assorted easter gift tags,0.10%,$0.3K
Moroccan tea glass,0.10%,$0.3K
Recycled acapulco mat lavender,0.10%,$0.3K
Red retrospot childrens umbrella,0.10%,$0.3K
Ceramic cake stand + hanging cakes,0.10%,$0.3K
Sweetheart wire wall tidy,0.10%,$0.3K
Glitter butterfly clips,0.10%,$0.3K
Pink party bags,0.10%,$0.3K
Retrospot padded seat cushion,0.10%,$0.3K
Pack of 6 sandcastle flags assorted,0.10%,$0.3K
Doormat welcome puppies,0.10%,$0.3K
6 egg house painted wood,0.10%,$0.3K
Potting shed tea mug,0.10%,$0.3K
Ceramic strawberry cake money bank,0.10%,$0.3K
Set/10 blue polkadot party candles,0.10%,$0.3K
Baking mould chocolate cupcakes,0.10%,$0.3K
Large cake stand  hanging strawbery,0.10%,$0.3K
Set of 6 herb tins sketchbook,0.10%,$0.3K
Ceramic cake design spotted mug,0.10%,$0.3K
Bathroom metal sign,0.10%,$0.3K
Alarm clock bakelike chocolate,0.10%,$0.3K
Gingham heart decoration,0.10%,$0.3K
Piggy bank retrospot,0.10%,$0.3K
Kings choice tea caddy,0.10%,$0.3K
Dollcraft boy jean-paul,0.10%,$0.3K
Food container set 3 love heart,0.10%,$0.3K
Red retrospot shopping bag,0.10%,$0.3K
Strawberry fairy cake teapot,0.10%,$0.3K
Biscuit tin vintage red,0.10%,$0.3K
Set of 9 heart shaped balloons,0.10%,$0.3K
Red drawer knob acrylic edwardian,0.10%,$0.3K
Wooden skittles garden set,0.10%,$0.3K
Childrens cutlery polkadot green,0.10%,$0.3K
Mini wooden happy birthday garland,0.10%,$0.3K
Soap dish brocante,0.10%,$0.3K
Paper chain kit skulls,0.10%,$0.3K
Watering can green dinosaur,0.10%,$0.3K
Round snack boxes set of 4 skulls,0.10%,$0.3K
Man flu metal sign,0.10%,$0.3K
36 doilies dolly girl,0.10%,$0.3K
3 tier cake tin green and cream,0.10%,$0.3K
Enchanted bird coathanger 5 hook,0.10%,$0.3K
Wrap alphabet design,0.10%,$0.3K
Childrens dolly girl mug,0.10%,$0.3K
Red polkadot coffee  mug,0.10%,$0.3K
Black heart card holder,0.10%,$0.3K
Red retrospot wrap,0.10%,$0.3K
Picnic boxes set of 3 retrospot,0.10%,$0.3K
Union stripe with fringe  hammock,0.10%,$0.3K
Set of 36 paisley flower doilies,0.10%,$0.3K
Buffalo bill treasure book box,0.10%,$0.3K
Ice cream sundae lip gloss,0.10%,$0.3K
36 pencils tube red retrospot,0.10%,$0.3K
Dollcraft girl nicole,0.10%,$0.3K
Recycled acapulco mat blue,0.10%,$0.3K
Children's spaceboy mug,0.10%,$0.3K
Red retrospot cup,0.10%,$0.3K
Set3 book box green gingham flower,0.10%,$0.3K
French enamel candleholder,0.10%,$0.3K
Balloon pump with 10 balloons,0.10%,$0.3K
Red spotty biscuit tin,0.10%,$0.3K
Tea time oven glove,0.10%,$0.3K
Cream wall planter heart shaped,0.10%,$0.3K
Hanging metal rabbit decoration,0.10%,$0.3K
Gaolers keys decorative garden,0.10%,$0.3K
Blue polkadot coffee mug,0.10%,$0.3K
Tablecloth red apples design,0.10%,$0.3K
Wrap pink fairy cakes,0.00%,$0.3K
Sweetheart wire magazine rack,0.00%,$0.3K
Four hook  white lovebirds,0.00%,$0.3K
Vintage snakes & ladders,0.00%,$0.3K
Blue polkadot egg cup,0.00%,$0.3K
Boys vintage tin seaside bucket,0.00%,$0.3K
Camouflage led torch,0.00%,$0.3K
Baking mould easter egg white choc,0.00%,$0.3K
Gymkhana treasure book box,0.00%,$0.3K
Strawberry shopper bag,0.00%,$0.3K
Cake stand white two tier lace,0.00%,$0.3K
Poppy's playhouse bathroom,0.00%,$0.3K
Grand chocolatecandle,0.00%,$0.3K
Airline bag vintage tokyo 78,0.00%,$0.3K
Childrens apron apples design,0.00%,$0.3K
Blue polkadot wrap,0.00%,$0.3K
Victorian sewing kit,0.00%,$0.3K
Pack of 60 mushroom cake cases,0.00%,$0.3K
Bag 250g swirly marbles,0.00%,$0.3K
Make your own flowerpower card kit,0.00%,$0.3K
Happy stencil craft,0.00%,$0.3K
Two door curio cabinet,0.00%,$0.3K
Toy tidy pink polkadot,0.00%,$0.3K
Set of 6 t-lights toadstools,0.00%,$0.3K
Felt egg cosy chicken,0.00%,$0.3K
Ivory hanging decoration  bird,0.00%,$0.3K
Vintage union jack apron,0.00%,$0.3K
3 hook hanger magic garden,0.00%,$0.3K
Red spot ceramic drawer knob,0.00%,$0.3K
Large heart measuring spoons,0.00%,$0.3K
Set of 3 cake tins sketchbook,0.00%,$0.3K
Yellow metal chicken heart,0.00%,$0.3K
Toilet metal sign,0.00%,$0.3K
Doormat airmail,0.00%,$0.3K
Brocante shelf with hooks,0.00%,$0.3K
Bull dog bottle top wall clock,0.00%,$0.3K
Skulls party bag + sticker set,0.00%,$0.3K
Wooden regatta bunting,0.00%,$0.3K
Victorian  metal postcard spring,0.00%,$0.3K
Childs breakfast set circus parade,0.00%,$0.3K
Set of 16 vintage red cutlery,0.00%,$0.3K
Grow your own herbs set of 3,0.00%,$0.3K
Round cake tin vintage green,0.00%,$0.3K
S/12 mini rabbit easter,0.00%,$0.3K
Pink paper parasol,0.00%,$0.3K
Chest of drawers gingham heart,0.00%,$0.3K
Zinc finish 15cm planter pots,0.00%,$0.3K
Glass  beurre dish,0.00%,$0.3K
Ceramic cake bowl + hanging cakes,0.00%,$0.3K
Paint your own canvas set,0.00%,$0.3K
Metal sign empire tea,0.00%,$0.3K
Scandinavian paisley picnic bag,0.00%,$0.3K
Easter tree yellow birds,0.00%,$0.2K
Cacti t-light candles,0.00%,$0.2K
Dinosaur lunch box with cutlery,0.00%,$0.2K
Children's apron dolly girl,0.00%,$0.2K
Chinese dragon paper lanterns,0.00%,$0.2K
Red retrospot oven glove double,0.00%,$0.2K
Pink doughnut trinket pot,0.00%,$0.2K
Hanging spring flower egg large,0.00%,$0.2K
Citronella candle flowerpot,0.00%,$0.2K
Doormat welcome sunrise,0.00%,$0.2K
Wheelbarrow for children,0.00%,$0.2K
Dollcraft girl amelie kit,0.00%,$0.2K
Metal sign take it or leave it,0.00%,$0.2K
Fairy cake flannel assorted colour,0.00%,$0.2K
Vinyl record frame silver,0.00%,$0.2K
Baking mould rose milk chocolate,0.00%,$0.2K
Baking mould rose white chocolate,0.00%,$0.2K
Dinosaur party bag + sticker set,0.00%,$0.2K
Knickerbockerglory magnet assorted,0.00%,$0.2K
Decoration white chick magic garden,0.00%,$0.2K
Make your own monsoon card kit,0.00%,$0.2K
Fanny's rest stopmetal sign,0.00%,$0.2K
Spaceboy gift wrap,0.00%,$0.2K
Woodland party bag + sticker set,0.00%,$0.2K
"Hook, 1 hanger ,magic garden",0.00%,$0.2K
Glass chalice green  large,0.00%,$0.2K
Party cones carnival assorted,0.00%,$0.2K
Set of 3 black flying ducks,0.00%,$0.2K
Glass heart t-light holder,0.00%,$0.2K
T-light holder sweetheart hanging,0.00%,$0.2K
Red floral feltcraft shoulder bag,0.00%,$0.2K
"Assorted flower colour ""leis""",0.00%,$0.2K
Spaceboy birthday card,0.00%,$0.2K
Travel card wallet keep calm,0.00%,$0.2K
Box of 6 assorted colour teaspoons,0.00%,$0.2K
Key cabinet ma campagne,0.00%,$0.2K
Retrospot lamp,0.00%,$0.2K
Strawberry honeycomb  garland,0.00%,$0.2K
Red retrospot pudding bowl,0.00%,$0.2K
Spaceboy childrens egg cup,0.00%,$0.2K
Red retrospot storage jar,0.00%,$0.2K
Pearl crystal pumpkin t-light hldr,0.00%,$0.2K
I can only please one person mug,0.00%,$0.2K
Cupboard 3 drawer ma campagne,0.00%,$0.2K
20 dolly pegs retrospot,0.00%,$0.2K
Doorstop retrospot heart,0.00%,$0.2K
Red retrospot sugar jam bowl,0.00%,$0.2K
Set of 6 soldier skittles,0.00%,$0.2K
Magnets pack of 4 childhood memory,0.00%,$0.2K
Wrap english rose,0.00%,$0.2K
Wrap vintage petals  design,0.00%,$0.2K
Ribbon reel lace design,0.00%,$0.2K
Cake stand lovebird 2 tier pink,0.00%,$0.2K
Green drawer knob acrylic edwardian,0.00%,$0.2K
Paper chain kit 50's christmas,0.00%,$0.2K
Ivory embroidered quilt,0.00%,$0.2K
Feltcraft girl nicole kit,0.00%,$0.2K
Heart filigree dove large,0.00%,$0.2K
Camouflage design teddy,0.00%,$0.2K
Strawberry raffia food cover,0.00%,$0.2K
Heart of wicker large,0.00%,$0.2K
Kings choice biscuit tin,0.00%,$0.2K
Suki  shoulder bag,0.00%,$0.2K
Edwardian parasol pink,0.00%,$0.2K
Vintage union jack doorstop,0.00%,$0.2K
Ceramic strawberry design mug,0.00%,$0.2K
Ribbon reel hearts design,0.00%,$0.2K
Set/4 spring flower decoration,0.00%,$0.2K
Rose scent candle in jewelled box,0.00%,$0.2K
Purple paper parasol,0.00%,$0.2K
Blue drawer knob acrylic edwardian,0.00%,$0.2K
Feltcraft princess olivia doll,0.00%,$0.2K
Mother's kitchen spoon rest,0.00%,$0.2K
Slate tile natural hanging,0.00%,$0.2K
3d hearts  honeycomb paper garland,0.00%,$0.2K
Kings choice giant tube matches,0.00%,$0.2K
Retrospot heart hot water bottle,0.00%,$0.2K
Ceramic heart fairy cake money bank,0.00%,$0.2K
"Decoration , wobbly chicken, metal ",0.00%,$0.2K
Jigsaw rabbit and birdhouse,0.00%,$0.2K
Apron modern vintage cotton,0.00%,$0.2K
Pharmacie first aid tin,0.00%,$0.2K
Owl doorstop,0.00%,$0.2K
12 ivory rose peg place settings,0.00%,$0.2K
Biscuit tin vintage green,0.00%,$0.2K
Glitter hanging butterfly string,0.00%,$0.2K
Fancy fonts birthday wrap,0.00%,$0.2K
Peg bag apples design,0.00%,$0.2K
Happy easter hanging decoration,0.00%,$0.2K
Tea time teapot in gift box,0.00%,$0.2K
Large cake stand hanging hearts,0.00%,$0.2K
Small heart measuring spoons,0.00%,$0.2K
Blue giant garden thermometer,0.00%,$0.2K
Red retrospot apron,0.00%,$0.2K
Vanilla scent candle jewelled box,0.00%,$0.2K
Pack of 20 spaceboy napkins,0.00%,$0.2K
Cherry blossom decorative flask,0.00%,$0.2K
Set of 6 t-lights easter chicks,0.00%,$0.2K
Ma campagne cutlery box,0.00%,$0.2K
Enamel colander cream,0.00%,$0.2K
Gymkhanna treasure book box,0.00%,$0.2K
Toadstool money box,0.00%,$0.2K
Dog bowl vintage cream,0.00%,$0.2K
Fairy cake birthday candle set,0.00%,$0.2K
Love large wood letters,0.00%,$0.2K
Set/6 turquoise butterfly t-lights,0.00%,$0.2K
Bright blues ribbons,0.00%,$0.2K
Pack 3 boxes bird pannetone,0.00%,$0.2K
Welcome  wooden block letters,0.00%,$0.2K
French wc sign blue metal,0.00%,$0.2K
Coffee mug dog + ball design,0.00%,$0.2K
Empire design rosette,0.00%,$0.2K
Pack of 12 woodland tissues,0.00%,$0.2K
Blue coat rack paris fashion,0.00%,$0.2K
Dairy maid large milk jug,0.00%,$0.2K
Dolly girl childrens egg cup,0.00%,$0.2K
Toy tidy spaceboy,0.00%,$0.2K
Funky washing up gloves assorted,0.00%,$0.2K
Hanging spring flower egg small,0.00%,$0.2K
Toast its - best mum,0.00%,$0.2K
Sweetheart wire fruit bowl,0.00%,$0.2K
Birdhouse decoration magic garden,0.00%,$0.2K
Box of vintage jigsaw blocks,0.00%,$0.2K
Enamel watering can cream,0.00%,$0.2K
"Decoration , wobbly rabbit , metal ",0.00%,$0.2K
Victorian sewing box medium,0.00%,$0.2K
Grow your own plant in a can,0.00%,$0.2K
Pack of 12 coloured pencils,0.00%,$0.2K
Blue felt easter egg basket,0.00%,$0.2K
Monsters stencil craft,0.00%,$0.2K
Blue paper parasol,0.00%,$0.2K
White lovebird lantern,0.00%,$0.2K
Childrens garden gloves pink,0.00%,$0.2K
Decorative hanging shelving unit,0.00%,$0.2K
Tropical  honeycomb paper garland,0.00%,$0.2K
Easter bunny garland of flowers,0.00%,$0.2K
Pack of 12 traditional crayons,0.00%,$0.2K
Cake stand lovebird 2 tier white,0.00%,$0.2K
Set of 16 vintage pistachio cutlery,0.00%,$0.2K
Set/3 vanilla scented candle in box,0.00%,$0.2K
Wrap doiley design,0.00%,$0.2K
Picture dominoes,0.00%,$0.2K
Mini cake stand with hanging cakes,0.00%,$0.2K
Feltcraft doll emily,0.00%,$0.2K
Save the planet mug,0.00%,$0.2K
Tea bag plate red retrospot,0.00%,$0.2K
Make your own playtime card kit,0.00%,$0.2K
Bunny decoration magic garden,0.00%,$0.2K
Lavender scented fabric heart,0.00%,$0.2K
Ribbon reel stripes design,0.00%,$0.2K
Magic drawing slate purdey,0.00%,$0.2K
6 ribbons empire,0.00%,$0.2K
Ant white wire heart spiral,0.00%,$0.2K
Black/blue polkadot umbrella,0.00%,$0.2K
Small heart flowers hook,0.00%,$0.2K
Pink floral feltcraft shoulder bag,0.00%,$0.2K
"Fancy font birthday card, ",0.00%,$0.2K
Retrospot cigar box matches,0.00%,$0.2K
Antique glass dressing table pot,0.00%,$0.2K
Calendar paper cut design,0.00%,$0.2K
Pink owl soft toy,0.00%,$0.2K
Polyester filler pad 40x40cm,0.00%,$0.2K
Red polkadot beaker,0.00%,$0.2K
Travel card wallet vintage ticket,0.00%,$0.2K
Pack of 20 skull paper napkins,0.00%,$0.2K
Gentleman shirt repair kit,0.00%,$0.2K
Travel card wallet transport,0.00%,$0.2K
36 pencils tube skulls,0.00%,$0.2K
36 pencils tube woodland,0.00%,$0.2K
Felt farm animal rabbit,0.00%,$0.2K
Set of 9 black skull balloons,0.00%,$0.2K
Blue party bags,0.00%,$0.2K
Grow your own basil in enamel mug,0.00%,$0.2K
Felt farm animal chicken,0.00%,$0.2K
Bunny wooden painted with bird,0.00%,$0.2K
Enamel wash bowl cream,0.00%,$0.2K
Colouring pencils brown tube,0.00%,$0.2K
Green giant garden thermometer,0.00%,$0.2K
Mirrored disco ball,0.00%,$0.2K
Enamel fire bucket cream,0.00%,$0.2K
Dinosaur keyrings assorted,0.00%,$0.2K
3 traditional biscuit cutters  set,0.00%,$0.2K
Cat bowl vintage cream,0.00%,$0.2K
Wash bag vintage rose paisley,0.00%,$0.2K
Fawn blue hot water bottle,0.00%,$0.2K
Skull and crossbones  garland,0.00%,$0.2K
Children's circus parade mug,0.00%,$0.2K
Felt egg cosy white rabbit,0.00%,$0.2K
Save the planet cotton tote bag,0.00%,$0.2K
Apron apple delight,0.00%,$0.2K
Cake plate lovebird pink,0.00%,$0.2K
Photo cube,0.00%,$0.2K
Large red retrospot windmill,0.00%,$0.2K
Blue owl soft toy,0.00%,$0.2K
Toy tidy dolly girl design,0.00%,$0.2K
Set/6 pink  butterfly t-lights,0.00%,$0.2K
Grey floral feltcraft shoulder bag,0.00%,$0.2K
Cream slice flannel pink spot,0.00%,$0.2K
Tea time kitchen apron,0.00%,$0.2K
Candy spot egg warmer hare,0.00%,$0.2K
Medina stamped metal stool,0.00%,$0.2K
Red gingham teddy bear,0.00%,$0.2K
Grow your own flowers set of 3,0.00%,$0.2K
Love heart sock hanger,0.00%,$0.2K
Fluted antique candle holder,0.00%,$0.2K
Gin and tonic mug,0.00%,$0.2K
Chocolate hot water bottle,0.00%,$0.2K
Bird decoration red retrospot,0.00%,$0.2K
Party cones candy tree decoration,0.00%,$0.2K
Dog bowl chasing ball design,0.00%,$0.2K
Skulls and crossbones wrap,0.00%,$0.2K
Jigsaw tree with birdhouse,0.00%,$0.2K
Button box,0.00%,$0.2K
Herb marker thyme,0.00%,$0.2K
White hanging beads candle holder,0.00%,$0.2K
Romantic pinks ribbons,0.00%,$0.2K
Five heart hanging decoration,0.00%,$0.2K
Hanging heart mirror decoration,0.00%,$0.2K
Set of 72 skull paper  doilies,0.00%,$0.2K
Hanging fairy cake decoration,0.00%,$0.2K
12 egg house painted wood,0.00%,$0.2K
Felt egg cosy blue rabbit,0.00%,$0.2K
Doctor's bag soft toy,0.00%,$0.2K
Citronella candle garden pot,0.00%,$0.2K
Bag 125g swirly marbles,0.00%,$0.2K
White bell honeycomb paper garland,0.00%,$0.2K
White jewelled heart decoration,0.00%,$0.2K
Basket of toadstools,0.00%,$0.2K
Assorted bottle top  magnets,0.00%,$0.1K
Brocante coat rack,0.00%,$0.1K
Chocolate box ribbons,0.00%,$0.1K
Polkadot coffee cup & saucer pink,0.00%,$0.1K
Mum's kitchen clock,0.00%,$0.1K
Big doughnut fridge magnets,0.00%,$0.1K
White tall porcelain t-light holder,0.00%,$0.1K
Easter decoration hanging bunny,0.00%,$0.1K
12 pink rose peg place settings,0.00%,$0.1K
S/12 vanilla  botanical t-lights,0.00%,$0.1K
Gingham rose wrap,0.00%,$0.1K
Wrap red apples,0.00%,$0.1K
S/4 pink flower candles in bowl,0.00%,$0.1K
12 pencils tall tube red retrospot,0.00%,$0.1K
Peace wooden block letters,0.00%,$0.1K
Herb marker mint,0.00%,$0.1K
French enamel pot w lid,0.00%,$0.1K
Pink heart shape egg frying pan,0.00%,$0.1K
Glass jar daisy fresh cotton wool,0.00%,$0.1K
Bird decoration green polkadot,0.00%,$0.1K
Antique glass pedestal bowl,0.00%,$0.1K
Skull shoulder bag,0.00%,$0.1K
French bathroom sign blue metal,0.00%,$0.1K
Silver hanging t-light holder,0.00%,$0.1K
Doormat respectable house,0.00%,$0.1K
12 coloured party balloons,0.00%,$0.1K
Aged glass silver t-light holder,0.00%,$0.1K
Box of 24 cocktail parasols,0.00%,$0.1K
Decoration  pink chick magic garden,0.00%,$0.1K
Blue polkadot beaker,0.00%,$0.1K
Card billboard font,0.00%,$0.1K
Airline bag vintage world champion,0.00%,$0.1K
Set of 16 vintage black cutlery,0.00%,$0.1K
Set of 4 napkin charms hearts,0.00%,$0.1K
Easter decoration sitting bunny,0.00%,$0.1K
Flower vine raffia food cover,0.00%,$0.1K
Set of 4 english rose placemats,0.00%,$0.1K
Open closed metal sign,0.00%,$0.1K
"Key fob , garage design",0.00%,$0.1K
Herb marker rosemary,0.00%,$0.1K
Herb marker parsley,0.00%,$0.1K
Wrap suki and friends,0.00%,$0.1K
Enchanted bird plant cage,0.00%,$0.1K
Herb marker chives,0.00%,$0.1K
Baking mould heart white chocolate,0.00%,$0.1K
Skulls  water transfer tattoos,0.00%,$0.1K
Small glass sundae dish clear,0.00%,$0.1K
Pencil case life is beautiful,0.00%,$0.1K
Childs garden trowel blue,0.00%,$0.1K
Fridge magnets us diner assorted,0.00%,$0.1K
Pack of 12 sticky bunnies,0.00%,$0.1K
Circus parade childrens egg cup,0.00%,$0.1K
Metal sign neighbourhood witch,0.00%,$0.1K
Tea time tea set in gift box,0.00%,$0.1K
12 pencil small tube woodland,0.00%,$0.1K
Disco ball rotator battery operated,0.00%,$0.1K
Childrens garden gloves blue,0.00%,$0.1K
Set/10 ivory polkadot party candles,0.00%,$0.1K
"Black tea,coffee,sugar jars",0.00%,$0.1K
Childs garden trowel pink,0.00%,$0.1K
Set 12 lavender  botanical t-lights,0.00%,$0.1K
Heart calculator,0.00%,$0.1K
Ceramic cake design spotted plate,0.00%,$0.1K
"Tray, breakfast in bed",0.00%,$0.1K
Ceramic cherry cake money bank,0.00%,$0.1K
Blue knitted hen,0.00%,$0.1K
Airline bag vintage jet set red,0.00%,$0.1K
Ocean scent candle in jewelled box,0.00%,$0.1K
Brown check cat doorstop,0.00%,$0.1K
Tomato charlie+lola coaster set,0.00%,$0.1K
Sewing box retrospot design,0.00%,$0.1K
Glass cloche large,0.00%,$0.1K
Green metal swinging bunny,0.00%,$0.1K
Tv dinner tray dolly girl,0.00%,$0.1K
Cake stand victorian filigree med,0.00%,$0.1K
Pink  polkadot cup,0.00%,$0.1K
Silver plate candle bowl small,0.00%,$0.1K
Baby boom ribbons,0.00%,$0.1K
Chest natural wood 20 drawers,0.00%,$0.1K
Easter decoration egg bunny,0.00%,$0.1K
Assorted shapes photo clip silver,0.00%,$0.1K
Set of 6 t-lights wedding cake,0.00%,$0.1K
Pink vintage paisley picnic bag,0.00%,$0.1K
Red baby bunting,0.00%,$0.1K
Small silver flower candle pot,0.00%,$0.1K
Milk pan red retrospot,0.00%,$0.1K
Folkart zinc heart christmas dec,0.00%,$0.1K
Fairy tale cottage nightlight,0.00%,$0.1K
Fridge magnets la vie en rose,0.00%,$0.1K
Pink love heart shape cup,0.00%,$0.1K
Decoration  butterfly  magic garden,0.00%,$0.1K
Pack of 12 hearts design tissues,0.00%,$0.1K
"Elephant, birthday card, ",0.00%,$0.1K
Black enchanted forest placemat,0.00%,$0.1K
Embossed glass tealight holder,0.00%,$0.1K
Magic drawing slate dinosaur,0.00%,$0.1K
Swallows greeting card,0.00%,$0.1K
Tea party birthday card,0.00%,$0.1K
Balloon art make your own flowers,0.00%,$0.1K
Daisies  honeycomb garland,0.00%,$0.1K
Glass jar digestive biscuits,0.00%,$0.1K
Alphabet stencil craft,0.00%,$0.1K
French blue metal door sign 1,0.00%,$0.1K
Hanging metal chicken decoration,0.00%,$0.1K
Pink fairy cake cushion cover,0.00%,$0.1K
Red victorian fabric oval box,0.00%,$0.1K
Childs garden brush blue,0.00%,$0.1K
White bamboo ribs lampshade,0.00%,$0.1K
Black diner wall clock,0.00%,$0.1K
Tea for one polkadot,0.00%,$0.1K
Set 12 kids  white chalk sticks,0.00%,$0.1K
Dollcraft girl amelie,0.00%,$0.1K
Set of 2 tins jardin de provence,0.00%,$0.1K
Large medina stamped metal bowl,0.00%,$0.1K
Kings choice mug,0.00%,$0.1K
Union jack flag luggage tag,0.00%,$0.1K
White travel alarm clock,0.00%,$0.1K
Travel card wallet flower meadow,0.00%,$0.1K
Painted yellow wooden daisy,0.00%,$0.1K
Tea time des tea cosy,0.00%,$0.1K
Childs garden brush pink,0.00%,$0.1K
Box of 9 pebble candles,0.00%,$0.1K
Hot water bottle i am so poorly,0.00%,$0.1K
Heads and tails sporting fun,0.00%,$0.1K
Mouse toy with pink t-shirt,0.00%,$0.1K
Ceramic pirate chest money bank,0.00%,$0.1K
Herb marker basil,0.00%,$0.1K
Wrap circus parade,0.00%,$0.1K
Egg cup natural chicken,0.00%,$0.1K
Bunny wooden painted with flower,0.00%,$0.1K
Set of 16 vintage sky blue cutlery,0.00%,$0.1K
Easter decoration natural chick,0.00%,$0.1K
Kids rain mac blue,0.00%,$0.1K
Home small wood letters,0.00%,$0.1K
12 daisy pegs in wood box,0.00%,$0.1K
Gumball monochrome coat rack,0.00%,$0.1K
Magic drawing slate dolly girl,0.00%,$0.1K
6 rocket balloons,0.00%,$0.1K
Set of 4 english rose coasters,0.00%,$0.1K
Traditional wooden catch cup game,0.00%,$0.1K
White wire egg holder,0.00%,$0.1K
Retrospot small tube matches,0.00%,$0.1K
Doormat neighbourhood witch,0.00%,$0.1K
Set/3 ocean scent candle jewel box,0.00%,$0.1K
Felt farm animal white bunny,0.00%,$0.1K
Red love heart shape cup,0.00%,$0.1K
Hanging metal star lantern,0.00%,$0.1K
Holiday fun ludo,0.00%,$0.1K
Classic french style basket brown,0.00%,$0.1K
50cm metal string with  7 clips,0.00%,$0.1K
Rose caravan doorstop,0.00%,$0.1K
Magic drawing slate circus parade,0.00%,$0.1K
Travel card wallet suki,0.00%,$0.1K
Sleeping cat erasers,0.00%,$0.1K
Purple drawerknob acrylic edwardian,0.00%,$0.1K
Card birthday cowboy,0.00%,$0.1K
Card i love london,0.00%,$0.1K
Easter tin chicks in garden,0.00%,$0.1K
Blue victorian fabric oval box,0.00%,$0.1K
Cowboys and indians birthday card,0.00%,$0.1K
Gin & tonic diet greeting card,0.00%,$0.1K
French blue metal door sign 2,0.00%,$0.1K
Vintage billboard drink me mug,0.00%,$0.1K
Vintage caravan gift wrap,0.00%,$0.1K
Vintage seaside jigsaw puzzles,0.00%,$0.1K
Wrap i love london,0.00%,$0.1K
Wrap poppies  design,0.00%,$0.1K
Retro plastic polka tray,0.00%,$0.1K
Mirror cornice,0.00%,$0.1K
Blue cushion cover with flower,0.00%,$0.1K
Multicolour honeycomb fan,0.00%,$0.1K
Feltcraft boy jean-paul kit,0.00%,$0.1K
Yellow coat rack paris fashion,0.00%,$0.1K
Vintage union jack shopping bag,0.00%,$0.1K
Pack of 12 suki tissues,0.00%,$0.1K
Red 3 piece retrospot cutlery set,0.00%,$0.1K
Blue 3 piece polkadot cutlery set,0.00%,$0.1K
Magnets pack of 4 swallows,0.00%,$0.1K
Rose du sud oven glove,0.00%,$0.1K
French blue metal door sign 0,0.00%,$0.1K
Paper chain kit vintage christmas,0.00%,$0.1K
Rain poncho retrospot,0.00%,$0.1K
Retrospot giant tube matches,0.00%,$0.1K
Set of 16 vintage rose cutlery,0.00%,$0.1K
Cubic mug pink polkadot,0.00%,$0.1K
Heart decoration painted zinc,0.00%,$0.1K
Large cake towel pink spots,0.00%,$0.1K
Red flower crochet food cover,0.00%,$0.1K
Set of 4 fairy cake placemats,0.00%,$0.1K
Seaside flying disc,0.00%,$0.1K
French lavender scent heart,0.00%,$0.1K
Pair padded hangers pink check,0.00%,$0.1K
Rex cash+carry jumbo shopper,0.00%,$0.1K
Metal decoration naughty children,0.00%,$0.1K
"Key fob , back door ",0.00%,$0.1K
"Key fob , shed",0.00%,$0.1K
Lunch bag suki  design,0.00%,$0.1K
Red coat rack paris fashion,0.00%,$0.1K
Felt toadstool large,0.00%,$0.1K
Frying pan red retrospot,0.00%,$0.1K
Pink padded mobile,0.00%,$0.1K
Small white retrospot mug in box,0.00%,$0.1K
Pink  heart shape love bucket,0.00%,$0.1K
12 message cards with envelopes,0.00%,$0.1K
Glass cloche small,0.00%,$0.1K
12 pencils tall tube skulls,0.00%,$0.1K
Painted pink rabbit,0.00%,$0.1K
Mini jigsaw purdey,0.00%,$0.1K
French blue metal door sign 3,0.00%,$0.1K
Feltcraft hairband pink and blue,0.00%,$0.1K
Skulls greeting card,0.00%,$0.1K
Card circus parade,0.00%,$0.1K
Chocolate calculator,0.00%,$0.1K
Hand towel pale blue w flowers,0.00%,$0.1K
Mini funky design tapes,0.00%,$0.1K
If you can't stand the heat mug,0.00%,$0.1K
Woodland design  cotton tote bag,0.00%,$0.1K
S/6 wooden skittles in cotton bag,0.00%,$0.1K
Pink horse sock puppet,0.00%,$0.1K
Pink felt easter rabbit garland,0.00%,$0.1K
Cake plate lovebird white,0.00%,$0.1K
Enamel blue rim biscuit bin,0.00%,$0.1K
Large white honeycomb paper bell,0.00%,$0.1K
English rose hot water bottle,0.00%,$0.1K
Retro plastic elephant tray,0.00%,$0.1K
2 picture book eggs easter chicks,0.00%,$0.1K
French blue metal door sign 5,0.00%,$0.1K
French blue metal door sign 7,0.00%,$0.1K
Stripey chocolate nesting boxes,0.00%,$0.1K
Bottle bag retrospot,0.00%,$0.1K
2 picture book eggs easter bunny,0.00%,$0.1K
Assorted easter decorations  bells,0.00%,$0.1K
White/pink chick decoration,0.00%,$0.1K
Cabin bag vintage retrospot,0.00%,$0.1K
Magic drawing slate spaceboy,0.00%,$0.1K
Travel card wallet union jack,0.00%,$0.1K
Five cats hanging decoration,0.00%,$0.1K
Small hammered silver candlepot,0.00%,$0.1K
White brocante soap dish,0.00%,$0.1K
Pack of 12 red retrospot tissues,0.00%,$0.1K
Fairy soap soap holder,0.00%,$0.1K
Set 3 wicker oval baskets w lids,0.00%,$0.1K
French blue metal door sign 8,0.00%,$0.1K
Pink 3 piece polkadot cutlery set,0.00%,$0.1K
6 chocolate love heart t-lights,0.00%,$0.1K
Card suki birthday,0.00%,$0.1K
No junk mail metal sign,0.00%,$0.1K
Magic garden felt garland,0.00%,$0.1K
Card gingham rose,0.00%,$0.1K
Frying pan pink polkadot,0.00%,$0.1K
Sunset colour chunky knitted throw,0.00%,$0.1K
Glass star frosted t-light holder,0.00%,$0.1K
Love garland painted zinc,0.00%,$0.1K
Pack of 12 spaceboy tissues,0.00%,$0.1K
"Art lights,funk monkey",0.00%,$0.1K
Jardin etched glass fruitbowl,0.00%,$0.1K
Asstd design racing car pen,0.00%,$0.1K
Woodland  height chart stickers,0.00%,$0.1K
Red heart shape love bucket,0.00%,$0.1K
Ass floral print multi screwdriver,0.00%,$0.1K
Cherry blossom  decorative flask,0.00%,$0.1K
Dog toy with pink crochet skirt,0.00%,$0.1K
Full english breakfast plate,0.00%,$0.1K
Party food shopper bag,0.00%,$0.1K
Set of 4 rose botanical candles,0.00%,$0.1K
Feltcraft hairbands pink and white,0.00%,$0.1K
Pack of 6 handbag gift boxes,0.00%,$0.1K
Set of 12  vintage postcard set,0.00%,$0.1K
Small licorice des pink bowl,0.00%,$0.1K
Vintage kid dolly card,0.00%,$0.1K
Red retrospot luggage tag,0.00%,$0.1K
Small dolly mix design orange bowl,0.00%,$0.1K
Classic french style basket green,0.00%,$0.1K
"Nursery a,b,c painted letters",0.00%,$0.1K
Assorted creepy crawlies,0.00%,$0.1K
Food/drink sponge stickers,0.00%,$0.1K
Hyacinth bulb t-light candles,0.00%,$0.1K
Small marshmallows pink bowl,0.00%,$0.1K
Scandinavian reds ribbons,0.00%,$0.1K
Childs garden fork pink,0.00%,$0.1K
Enamel pink tea container,0.00%,$0.1K
Blue polkadot washing up gloves,0.00%,$0.1K
Faux fur chocolate throw,0.00%,$0.1K
Set of 36 dinosaur paper doilies,0.00%,$0.1K
Doormat i love london,0.00%,$0.1K
Pink  heart confetti in tube,0.00%,$0.1K
Red metal beach spade,0.00%,$0.1K
Pastel colour honeycomb fan,0.00%,$0.1K
Pink  honeycomb paper ball,0.00%,$0.1K
Tote bag i love london,0.00%,$0.1K
Travel card wallet retro petals,0.00%,$0.1K
Skulls  stickers,0.00%,$0.1K
English rose notebook a7 size,0.00%,$0.1K
Travel card wallet retrospot,0.00%,$0.1K
Red retrospot purse,0.00%,$0.1K
Glass jar peacock bath salts,0.00%,$0.1K
Paper chain kit london,0.00%,$0.1K
Airline bag vintage jet set white,0.00%,$0.1K
Pink hawaiian picnic hamper for 2,0.00%,$0.1K
Set of 4 napkin charms cutlery,0.00%,$0.1K
Dairy maid traditional teapot,0.00%,$0.1K
Jardin etched glass cheese dish,0.00%,$0.1K
Card cat and tree,0.00%,$0.1K
Vintage caravan greeting card,0.00%,$0.1K
Emergency first aid tin,0.00%,$0.1K
French blue metal door sign 4,0.00%,$0.1K
French kitchen sign blue metal,0.00%,$0.1K
Set of 6 cake chopsticks,0.00%,$0.1K
Pink chick egg warmer + egg cup,0.00%,$0.1K
Green polkadot plate,0.00%,$0.1K
Bunny egg garland,0.00%,$0.1K
Polyester filler pad 45x45cm,0.00%,$0.1K
12 pencils tall tube woodland,0.00%,$0.1K
Assorted incense pack,0.00%,$0.1K
Robot birthday card,0.00%,$0.1K
Card dolly girl,0.00%,$0.1K
Assorted tutti frutti mirror,0.00%,$0.1K
Ladybird + bee raffia food cover,0.00%,$0.1K
Potting shed seed envelopes,0.00%,$0.1K
Set of 4 black lovebird coasters,0.00%,$0.1K
"Rustic wooden cabinet, glass doors",0.00%,$0.1K
Set 3 wicker storage baskets,0.00%,$0.1K
Large white/pink rose art flower,0.00%,$0.1K
Overnight bag vintage rose paisley,0.00%,$0.1K
Blue tv tray table,0.00%,$0.1K
Feltcraft hairband pink and purple,0.00%,$0.1K
French toilet sign blue metal,0.00%,$0.1K
Empire gift wrap,0.00%,$0.1K
Wrap dolly girl,0.00%,$0.1K
"Wrap, billboard fonts design",0.00%,$0.1K
Pink hearts paper garland,0.00%,$0.1K
Airline bag vintage jet set brown,0.00%,$0.1K
"Key fob , front  door ",0.00%,$0.1K
Travel card wallet skulls,0.00%,$0.1K
Childs garden fork blue,0.00%,$0.1K
White soap rack with 2 bottles,0.00%,$0.1K
Yellow giant garden thermometer,0.00%,$0.1K
Fridge magnets les enfants assorted,0.00%,$0.1K
Porcelain rose small,0.00%,$0.1K
Square cherry blossom cabinet,0.00%,$0.1K
Red tea towel classic design,0.00%,$0.1K
Hanging photo clip rope ladder,0.00%,$0.1K
Multicolour honeycomb paper garland,0.00%,$0.1K
Small silver trellis candlepot,0.00%,$0.1K
Love heart trinket pot,0.00%,$0.1K
Folding umbrella red/white polkadot,0.00%,$0.1K
Red retrospot big bowl,0.00%,$0.1K
S/4 cacti candles,0.00%,$0.1K
Easter bunny wreath,0.00%,$0.1K
Folding umbrella blackblue polkadot,0.00%,$0.1K
Skull design tv dinner tray,0.00%,$0.1K
Glass chalice blue small,0.00%,$0.1K
Alphabet hearts sticker sheet,0.00%,$0.1K
Coffee mug blue paisley design,0.00%,$0.1K
Pink gingham cat with scarf,0.00%,$0.1K
Set of 4 napkin charms 3 keys,0.00%,$0.1K
French garden sign blue metal,0.00%,$0.1K
Green polkadot bowl,0.00%,$0.1K
Ivory paper cup cake cases,0.00%,$0.1K
Chocolate 1 wick morris box candle,0.00%,$0.1K
Rose scent candle jewelled drawer,0.00%,$0.1K
Set/3 rose candle in jewelled box,0.00%,$0.1K
Ceramic bowl with strawberry design,0.00%,$0.1K
Pink dog bowl,0.00%,$0.1K
Set/4 blue flower candles in bowl,0.00%,$0.1K
Large cake towel chocolate spots,0.00%,$0.1K
Enamel pink coffee container,0.00%,$0.1K
Set/6 purple butterfly t-lights,0.00%,$0.1K
Wall tidy retrospot,0.00%,$0.1K
Card party games,0.00%,$0.1K
Childrens cutlery polkadot blue,0.00%,$0.1K
Illustrated cat bowl,0.00%,$0.1K
Magic sheep wool growing from paper,0.00%,$0.1K
Pack of 6 skull paper plates,0.00%,$0.1K
Box/12 chick & egg in basket,0.00%,$0.1K
Felt farm animal hen,0.00%,$0.1K
French blue metal door sign 9,0.00%,$0.1K
"Metal sign,cupcake single hook",0.00%,$0.1K
Choc truffle gold trinket pot,0.00%,$0.1K
French laundry sign blue metal,0.00%,$0.1K
French style embossed heart cabinet,0.00%,$0.1K
Asstd multicolour circles mug,0.00%,$0.1K
Birds mobile vintage design,0.00%,$0.1K
Hanging medina lantern small,0.00%,$0.1K
6 ribbons shimmering pinks,0.00%,$0.1K
Dolly honeycomb garland,0.00%,$0.1K
Bathroom set love heart design,0.00%,$0.1K
Cherry crochet food cover,0.00%,$0.1K
Magnets pack of 4 vintage collage,0.00%,$0.1K
Polka dot raffia food cover,0.00%,$0.1K
Set/4 skull badges,0.00%,$0.1K
Tea cosy red  stripe,0.00%,$0.1K
Blue polkadot garden parasol,0.00%,$0.1K
Decorative plant pot with frieze,0.00%,$0.1K
"White tea,coffee,sugar jars",0.00%,$0.1K
Ice cream design garden parasol,0.00%,$0.1K
Columbian candle round,0.00%,$0.1K
Charlie + lola biscuits tins,0.00%,$0.1K
Ribbons purse,0.00%,$0.1K
Asstd fruit+flowers fridge magnets,0.00%,$0.1K
Ceramic plate strawberry design,0.00%,$0.1K
Hot baths soap holder,0.00%,$0.1K
French blue metal door sign 6,0.00%,$0.1K
Set/4 badges balloon girl,0.00%,$0.1K
Urban black ribbons,0.00%,$0.1K
Orange tv tray table,0.00%,$0.1K
Pantry apple corer,0.00%,$0.1K
Oven mitt apples design,0.00%,$0.1K
Vanilla incense in tin,0.00%,$0.1K
Office mug warmer choc+blue,0.00%,$0.1K
Glass jar english confectionery,0.00%,$0.1K
Black and white cat bowl,0.00%,$0.1K
Danish rose photo frame,0.00%,$0.1K
Ivory pillar candle gold flock,0.00%,$0.1K
Squarecushion cover pink union flag,0.00%,$0.1K
Boys alphabet iron on patches,0.00%,$0.1K
Empire birthday card,0.00%,$0.1K
Ping microwave apron,0.00%,$0.1K
Butterfly crochet food cover,0.00%,$0.1K
Fairy cake design umbrella,0.00%,$0.1K
Photo clip line,0.00%,$0.1K
Cooking set retrospot,0.00%,$0.1K
Assorted tutti frutti pen,0.00%,$0.1K
Large chinese style scissor,0.00%,$0.1K
Small purple babushka notebook,0.00%,$0.1K
Spaceboy tv dinner tray,0.00%,$0.1K
Tub 24 pink flower pegs,0.00%,$0.1K
Home garland painted zinc,0.00%,$0.1K
Medium medina stamped metal bowl,0.00%,$0.1K
Coffee scent pillar candle,0.00%,$0.1K
"Airline lounge,metal sign",0.00%,$0.1K
Set of 6 heart chopsticks,0.00%,$0.1K
Recycled pencil with rabbit eraser,0.00%,$0.1K
Magic drawing slate bunnies,0.00%,$0.1K
Travel card wallet pantry,0.00%,$0.1K
Magic tree -paper flowers,0.00%,$0.1K
Set of 6 3d kit cards for kids,0.00%,$0.1K
Birdcage decoration tealight holder,0.00%,$0.1K
Caravan square tissue box,0.00%,$0.1K
Money box kings choice design,0.00%,$0.1K
Union stripe cushion cover,0.00%,$0.1K
Kitchen metal sign,0.00%,$0.1K
Wrap daisy carpet,0.00%,$0.1K
Smokey grey colour d.o.f. glass,0.00%,$0.1K
Pack of 12 pink polkadot tissues,0.00%,$0.1K
Small red retrospot mug in box,0.00%,$0.1K
Card dog and ball,0.00%,$0.1K
Set of skull wall stickers,0.00%,$0.1K
Soft pink rose towel,0.00%,$0.1K
"Birthday card, retro spot",0.00%,$0.1K
Gingham heart  doorstop red,0.00%,$0.1K
Red/cream stripe cushion cover,0.00%,$0.1K
Set of 6 strawberry chopsticks,0.00%,$0.1K
Childs garden rake pink,0.00%,$0.1K
Cockle shell dish,0.00%,$0.1K
36 foil star cake cases,0.00%,$0.1K
Citrus garland felt flowers,0.00%,$0.1K
Folding umbrella pinkwhite polkadot,0.00%,$0.1K
Decorative cats bathroom bottle,0.00%,$0.1K
Magnets pack of 4 home sweet home,0.00%,$0.1K
Nurse's bag soft toy,0.00%,$0.1K
Tool box soft toy,0.00%,$0.1K
Silk purse babushka pink,0.00%,$0.1K
Feltcraft hairband red and blue,0.00%,$0.1K
Charlie and lola figures tins,0.00%,$0.1K
Dairy maid stripe mug,0.00%,$0.1K
Office mug warmer polkadot,0.00%,$0.1K
Mini painted garden decoration,0.00%,$0.1K
Multicolour rabbit egg warmer,0.00%,$0.1K
Danish rose round sewing box,0.00%,$0.1K
Pink paisley rose gift wrap,0.00%,$0.1K
Red woolly hottie white heart.,0.00%,$0.1K
Tea party  wrapping paper,0.00%,$0.1K
White skull hot water bottle,0.00%,$0.1K
Fairy cakes notebook a7 size,0.00%,$0.1K
Ceramic bowl with love heart design,0.00%,$0.1K
Vintage billboard love/hate mug,0.00%,$0.1K
Ribbon reel flora + fauna,0.00%,$0.1K
Asstd design 3d paper stickers,0.00%,$0.1K
Carnival bracelet,0.00%,$0.1K
"Diamante heart shaped wall mirror, ",0.00%,$0.1K
Starfish soap dish,0.00%,$0.1K
Rainbow pegs photo clip string,0.00%,$0.1K
Assorted tutti frutti large purse,0.00%,$0.1K
Ceramic birdhouse crested tit small,0.00%,$0.1K
Floral folk stationery set,0.00%,$0.1K
Measuring tape babushka pink,0.00%,$0.1K
Black+white necklace w tassel,0.00%,$0.0K
Oval wall mirror diamante,0.00%,$0.0K
Shoe shine box,0.00%,$0.0K
Balloons  writing set,0.00%,$0.0K
Small square cut glass candlestick,0.00%,$0.0K
"Tumbler, new england",0.00%,$0.0K
Orange scented set/9 t-lights,0.00%,$0.0K
Snowstorm photo frame fridge magnet,0.00%,$0.0K
Beaded pearl heart white on stick,0.00%,$0.0K
French chateau large platter,0.00%,$0.0K
Knitted union flag hot water bottle,0.00%,$0.0K
Pack 6 heart/ice-cream patches,0.00%,$0.0K
Lipstick pen red,0.00%,$0.0K
Felt egg cosy ladybird,0.00%,$0.0K
Multicolour 3d balls garland,0.00%,$0.0K
Cosmetic bag vintage rose paisley,0.00%,$0.0K
Skulls writing set,0.00%,$0.0K
Pink polkadot garden parasol,0.00%,$0.0K
Basket of flowers sewing kit,0.00%,$0.0K
Pack of 12 blue paisley tissues,0.00%,$0.0K
Hawaiian grass skirt,0.00%,$0.0K
Enamel blue rim coffee container,0.00%,$0.0K
Gift bag psychedelic apples,0.00%,$0.0K
Pink small glass cake stand,0.00%,$0.0K
Hearts  stickers,0.00%,$0.0K
Set of 2 tins vintage bathroom,0.00%,$0.0K
Blue new baroque candlestick candle,0.00%,$0.0K
Pink new baroquecandlestick candle,0.00%,$0.0K
Eight piece snake  set,0.00%,$0.0K
S/6 sew on crochet flowers,0.00%,$0.0K
Set of 6 girls celebration candles,0.00%,$0.0K
Swallow square tissue box,0.00%,$0.0K
Childs garden spade blue,0.00%,$0.0K
Felt toadstool  small,0.00%,$0.0K
12 pink hen+chicks in basket,0.00%,$0.0K
Assorted tutti frutti  fob notebook,0.00%,$0.0K
Ceramic strawberry money box,0.00%,$0.0K
Classical rose small vase,0.00%,$0.0K
Paperweight vintage collage,0.00%,$0.0K
Party pizza dish red retrospot,0.00%,$0.0K
Set/6 frog prince t-light candles,0.00%,$0.0K
Card psychedelic apples,0.00%,$0.0K
Mini cake stand t-light holder,0.00%,$0.0K
Piece of camo stationery set,0.00%,$0.0K
Ivory hanging decoration  egg,0.00%,$0.0K
Zinc willie winkie  candle stick,0.00%,$0.0K
Antique glass place setting,0.00%,$0.0K
Assorted mini madras notebook,0.00%,$0.0K
Assorted sanskrit mini notebook,0.00%,$0.0K
Blue pot plant candle,0.00%,$0.0K
Green fern sketchbook,0.00%,$0.0K
Milk pan blue polkadot,0.00%,$0.0K
Hen house w chick standing,0.00%,$0.0K
Assorted colour lizard suction hook,0.00%,$0.0K
Garland with hearts and bells,0.00%,$0.0K
Mobile vintage hearts,0.00%,$0.0K
Tv dinner tray air hostess,0.00%,$0.0K
Mini jigsaw dolly girl,0.00%,$0.0K
Set of 6 funky beakers,0.00%,$0.0K
3d dog picture playing cards,0.00%,$0.0K
Mini  zinc garden decorations,0.00%,$0.0K
Hand warmer owl design,0.00%,$0.0K
Toast its - happy birthday,0.00%,$0.0K
Zinc heart lattice t-light holder,0.00%,$0.0K
Glass sphere candle stand medium,0.00%,$0.0K
Pack of 6 skull paper cups,0.00%,$0.0K
Set/6 posies paper cups,0.00%,$0.0K
Ridged glass posy vase,0.00%,$0.0K
Panda and bunnies sticker sheet,0.00%,$0.0K
Small chocolates pink bowl,0.00%,$0.0K
Set/4 modern vintage cotton napkins,0.00%,$0.0K
Frying pan blue polkadot,0.00%,$0.0K
Ivory love bird candle,0.00%,$0.0K
Money box pocket money design,0.00%,$0.0K
Party pizza dish blue polkadot,0.00%,$0.0K
Union flag windsock,0.00%,$0.0K
Vintage billboard tea mug,0.00%,$0.0K
Heart decoration with pearls,0.00%,$0.0K
Blue scandinavian paisley wrap,0.00%,$0.0K
Yellow flowers felt handbag kit,0.00%,$0.0K
Hot water bottle babushka,0.00%,$0.0K
Mrs robot soft toy,0.00%,$0.0K
Retrospot wooden heart decoration,0.00%,$0.0K
Small hanging ivory/red wood bird,0.00%,$0.0K
Pink & white breakfast tray,0.00%,$0.0K
Set of 2 round tins camembert,0.00%,$0.0K
Glass jar kings choice,0.00%,$0.0K
"Swiss roll towel, chocolate  spots",0.00%,$0.0K
2 picture book eggs easter ducks,0.00%,$0.0K
Doorstop football design,0.00%,$0.0K
Salle de bain hook,0.00%,$0.0K
Blue knitted egg cosy,0.00%,$0.0K
English rose garden secateurs,0.00%,$0.0K
Party invites dinosaurs,0.00%,$0.0K
Set of 6 vintage notelets kit,0.00%,$0.0K
Penny farthing birthday card,0.00%,$0.0K
Childs garden rake blue,0.00%,$0.0K
Danish rose decorative plate,0.00%,$0.0K
Union jack flag passport cover,0.00%,$0.0K
Wicker star,0.00%,$0.0K
Place setting white star,0.00%,$0.0K
Sweetheart cream steel table rect,0.00%,$0.0K
Sunset check hammock,0.00%,$0.0K
Pack of 12 pink paisley tissues,0.00%,$0.0K
Hairclips forties fabric assorted,0.00%,$0.0K
Scottie dog hot water bottle,0.00%,$0.0K
Love heart pocket warmer,0.00%,$0.0K
Peach knitted hen,0.00%,$0.0K
White heart confetti in tube,0.00%,$0.0K
Dairy maid toastrack,0.00%,$0.0K
Jazz hearts purse notebook,0.00%,$0.0K
Jumbo bag scandinavian paisley,0.00%,$0.0K
Jungle popsicles ice lolly holders,0.00%,$0.0K
Pink union jack  luggage tag,0.00%,$0.0K
Pocket bag blue paisley red spot,0.00%,$0.0K
Toast its - fairy flower,0.00%,$0.0K
Jazz hearts address book,0.00%,$0.0K
Black wine glass,0.00%,$0.0K
Calendar in season design,0.00%,$0.0K
Office mug warmer pink,0.00%,$0.0K
Porcelain butterfly oil burner,0.00%,$0.0K
Antique cream cutlery cupboard,0.00%,$0.0K
Blue savannah picnic hamper for 2,0.00%,$0.0K
Green birdhouse decoration,0.00%,$0.0K
Kensington coffee set,0.00%,$0.0K
Lets go shopping cotton tote bag,0.00%,$0.0K
Zinc heart lattice 2 wall planter,0.00%,$0.0K
Black pirate treasure chest,0.00%,$0.0K
Acrylic geometric lamp,0.00%,$0.0K
Blossom images gift wrap set,0.00%,$0.0K
Pink union jack  passport cover,0.00%,$0.0K
Ceramic love heart money bank,0.00%,$0.0K
4 wildflower botanical candles,0.00%,$0.0K
Pink riviera handbag,0.00%,$0.0K
Party invites balloon girl,0.00%,$0.0K
Party invites woodland,0.00%,$0.0K
Set/6 fruit salad  paper plates,0.00%,$0.0K
Green 3 piece polkadot cutlery set,0.00%,$0.0K
Opium scented votive candle,0.00%,$0.0K
Number tile cottage garden 9,0.00%,$0.0K
Candy spot egg warmer rabbit,0.00%,$0.0K
Butterflies stickers,0.00%,$0.0K
Retro mod tray,0.00%,$0.0K
Blue flock glass candleholder,0.00%,$0.0K
White honeycomb paper garland,0.00%,$0.0K
200 red + white bendy straws,0.00%,$0.0K
Pink knitted egg cosy,0.00%,$0.0K
Dolly mixture children's umbrella,0.00%,$0.0K
Kitchen flower pots wall plaque,0.00%,$0.0K
Large pink glass sundae dish,0.00%,$0.0K
Silver rococo candle stick,0.00%,$0.0K
Paperweight save the planet,0.00%,$0.0K
Small yellow babushka notebook,0.00%,$0.0K
Candy spot cushion cover,0.00%,$0.0K
Dinosaur height chart sticker set,0.00%,$0.0K
Flying pig watering can,0.00%,$0.0K
Heart garland rustic padded,0.00%,$0.0K
Measuring tape babushka red,0.00%,$0.0K
Medium pink buddha head,0.00%,$0.0K
Office mug warmer black+silver,0.00%,$0.0K
Set of 6 t-lights cacti,0.00%,$0.0K
Card wedding day,0.00%,$0.0K
Lipstick pen fuschia,0.00%,$0.0K
Beaded crystal heart pink small,0.00%,$0.0K
Boudoir square tissue box,0.00%,$0.0K
Felt farm animal sheep,0.00%,$0.0K
Magnets pack of 4 retro photo,0.00%,$0.0K
Medium chinese style scissor,0.00%,$0.0K
Mixed nuts light green bowl,0.00%,$0.0K
Set/6 collage paper plates,0.00%,$0.0K
Jigsaw tree with watering can,0.00%,$0.0K
White candystuft artificial flower,0.00%,$0.0K
Set/3 polkadot stacking tins,0.00%,$0.0K
Jigsaw toadstools 3 piece,0.00%,$0.0K
Hanging wood and felt butterfly,0.00%,$0.0K
Party invites jazz hearts,0.00%,$0.0K
Rose du sud cosmetics bag,0.00%,$0.0K
Small red babushka notebook,0.00%,$0.0K
Floor lamp shade wood base,0.00%,$0.0K
Blue fly swat,0.00%,$0.0K
French enamel water basin,0.00%,$0.0K
Mini jigsaw circus parade,0.00%,$0.0K
Biscuits small bowl light blue,0.00%,$0.0K
White with black cats plate,0.00%,$0.0K
Cut glass hexagon t-light holder,0.00%,$0.0K
Cut glass t-light holder octagon,0.00%,$0.0K
Number tile cottage garden 3,0.00%,$0.0K
Number tile cottage garden 5,0.00%,$0.0K
Number tile cottage garden 6,0.00%,$0.0K
Number tile cottage garden 8,0.00%,$0.0K
Brown  pirate treasure chest,0.00%,$0.0K
Money box biscuits design,0.00%,$0.0K
Pack 3 iron on dog patches,0.00%,$0.0K
Feltcraft doll maria,0.00%,$0.0K
Red charlie+lola personal doorsign,0.00%,$0.0K
Vintage paisley stationery set,0.00%,$0.0K
Party pizza dish green polkadot,0.00%,$0.0K
Sweeties  stickers,0.00%,$0.0K
Magic drawing slate bake a cake,0.00%,$0.0K
Travel card wallet vintage rose,0.00%,$0.0K
Red retrospot tape,0.00%,$0.0K
"Flower glass garland neckl.36""black",0.00%,$0.0K
"Flower glass garld neckl36""turquois",0.00%,$0.0K
Childs garden spade pink,0.00%,$0.0K
More butter metal sign,0.00%,$0.0K
Set/6 pink bird t-light candles,0.00%,$0.0K
Wrap cowboys,0.00%,$0.0K
Wrap green pears,0.00%,$0.0K
Wrap monster fun,0.00%,$0.0K
"Feather pen,coal black",0.00%,$0.0K
Party invites spaceman,0.00%,$0.0K
Ivory enchanted forest placemat,0.00%,$0.0K
Wood stamp set best wishes,0.00%,$0.0K
Assorted tutti frutti small purse,0.00%,$0.0K
Set/4 badges beetles,0.00%,$0.0K
Assorted colour t-light holder,0.00%,$0.0K
Gift bag birthday,0.00%,$0.0K
Black small glass cake stand,0.00%,$0.0K
Number tile cottage garden 0,0.00%,$0.0K
Number tile cottage garden 1,0.00%,$0.0K
Number tile cottage garden 2,0.00%,$0.0K
Number tile cottage garden 4,0.00%,$0.0K
Number tile cottage garden 7,0.00%,$0.0K
Mini jigsaw dinosaur,0.00%,$0.0K
Chick grey hot water bottle,0.00%,$0.0K
Animal stickers,0.00%,$0.0K
4 lily  botanical dinner candles,0.00%,$0.0K
Polkadot rain hat,0.00%,$0.0K
Heart buttons jewellery box,0.00%,$0.0K
Candle plate lace white,0.00%,$0.0K
Danish rose deluxe coaster,0.00%,$0.0K
Paperweight vintage paisley,0.00%,$0.0K
Pens assorted funky jeweled,0.00%,$0.0K
Pens assorted funny face,0.00%,$0.0K
Pink felt hanging heart w flower,0.00%,$0.0K
Set of 4 napkin charms crowns,0.00%,$0.0K
Set/6 posies paper plates,0.00%,$0.0K
Multicolour spring flower mug,0.00%,$0.0K
Botanical rose greeting card,0.00%,$0.0K
Ring of roses birthday card,0.00%,$0.0K
Orange votive candle,0.00%,$0.0K
Strawbry scented votive candle,0.00%,$0.0K
Pin cushion babushka red,0.00%,$0.0K
French chateau small fruitbowl,0.00%,$0.0K
4 vanilla botanical candles,0.00%,$0.0K
Blossom  images notebook set,0.00%,$0.0K
Blue heart compact mirror,0.00%,$0.0K
Blue pudding spoon,0.00%,$0.0K
Chrysanthemum sketchbook,0.00%,$0.0K
Curious  images notebook set,0.00%,$0.0K
Frappucino scarf knitting kit,0.00%,$0.0K
French style storage jar jam,0.00%,$0.0K
Grey heart hot water bottle,0.00%,$0.0K
Magnets pack of 4 vintage labels,0.00%,$0.0K
Midnight glamour scarf knitting kit,0.00%,$0.0K
Mirror love bird t-light holder,0.00%,$0.0K
Pig keyring with light & sound,0.00%,$0.0K
Pink flower fabric pony,0.00%,$0.0K
Small skull windmill,0.00%,$0.0K
Vintage red mug,0.00%,$0.0K
Wood and glass medicine cabinet,0.00%,$0.0K
Easter bunny with basket on back,0.00%,$0.0K
Elephant carnival pouffe,0.00%,$0.0K
S/2 zinc heart design planters,0.00%,$0.0K
Set/4 colourful mixing bowls,0.00%,$0.0K
Cushion cover pink union jack,0.00%,$0.0K
Feltcraft christmas fairy,0.00%,$0.0K
Table lamp white shade wood base,0.00%,$0.0K
Folding umbrella cream polkadot,0.00%,$0.0K
S/4 groovy cat magnets,0.00%,$0.0K
Pink glass candleholder,0.00%,$0.0K
Set/6 fruit salad paper cups,0.00%,$0.0K
Strawberry dream childs umbrella,0.00%,$0.0K
Red  egg  spoon,0.00%,$0.0K
Blue tea towel classic design,0.00%,$0.0K
Decorative rose bathroom bottle,0.00%,$0.0K
Bag 500g swirly marbles,0.00%,$0.0K
Wooden heart christmas scandinavian,0.00%,$0.0K
Blue  tile hook,0.00%,$0.0K
Dinosaurs  writing set,0.00%,$0.0K
Origami lavender incense/candl set,0.00%,$0.0K
Wood stamp set happy birthday,0.00%,$0.0K
Wood stamp set thank you,0.00%,$0.0K
Gold fishing gnome,0.00%,$0.0K
Mr robot soft toy,0.00%,$0.0K
Pink/amethyst/gold necklace,0.00%,$0.0K
Pompom curtain,0.00%,$0.0K
Silver fishing gnome,0.00%,$0.0K
Small kitchen flower pots plaque,0.00%,$0.0K
Do not touch my stuff door hanger,0.00%,$0.0K
Cosy hour cigar box matches,0.00%,$0.0K
Jungle popsicles ice lolly moulds,0.00%,$0.0K
Blue polkadot passport cover,0.00%,$0.0K
Set/12 funky felt flower peg in bag,0.00%,$0.0K
Blue glass gems in bag,0.00%,$0.0K
Set/3 rabbits flower skippping rope,0.00%,$0.0K
Small polkadot chocolate gift bag,0.00%,$0.0K
Classic french style basket natural,0.00%,$0.0K
Rabbit  design  cotton tote bag,0.00%,$0.0K
Skulls  design  cotton tote bag,0.00%,$0.0K
Blue egg  spoon,0.00%,$0.0K
Charlie + lola red hot water bottle,0.00%,$0.0K
Charlie+lola pink hot water bottle,0.00%,$0.0K
S/4 valentine decoupage heart box,0.00%,$0.0K
Mirrored wall art stars,0.00%,$0.0K
Pink/purple retro radio,0.00%,$0.0K
3d sheet of dog stickers,0.00%,$0.0K
Bathroom scales rubber ducks,0.00%,$0.0K
Birthday party cordon barrier tape,0.00%,$0.0K
Bunny egg box,0.00%,$0.0K
Carrot charlie+lola coaster set,0.00%,$0.0K
Green rose washbag,0.00%,$0.0K
Motoring tissue box,0.00%,$0.0K
Pink flower crochet food cover,0.00%,$0.0K
Silver vanilla  flower candle pot,0.00%,$0.0K
Vintage red teatime mug,0.00%,$0.0K
Set/6 collage paper cups,0.00%,$0.0K
Vintage shells print,0.00%,$0.0K
Mini jigsaw bunnies,0.00%,$0.0K
3d sheet of cat stickers,0.00%,$0.0K
Beach hut design blackboard,0.00%,$0.0K
Blue juicy fruit photo frame,0.00%,$0.0K
Charlie+lola my room door sign,0.00%,$0.0K
Crystal diamante expandable ring,0.00%,$0.0K
Gold mini tape measure,0.00%,$0.0K
Hippy chic decorative parasol,0.00%,$0.0K
Jardin etched glass large bell jar,0.00%,$0.0K
Lunch box with cutlery fairy cakes,0.00%,$0.0K
Moroccan beaten metal mirror,0.00%,$0.0K
Rose du sud drawstring bag,0.00%,$0.0K
Silver standing gnome,0.00%,$0.0K
White baroque wall clock,0.00%,$0.0K
Party pizza dish pink polkadot,0.00%,$0.0K
5 strand glass necklace black,0.00%,$0.0K
White allium  artificial flower,0.00%,$0.0K
Yellow easter egg hunt start post,0.00%,$0.0K
Black candelabra t-light holder,0.00%,$0.0K
Clam shell small,0.00%,$0.0K
Rainy ladies birthday card,0.00%,$0.0K
Retrospot candle  medium,0.00%,$0.0K
Romantic images gift wrap set,0.00%,$0.0K
Tropical passport cover,0.00%,$0.0K
Black tea towel classic design,0.00%,$0.0K
Etched glass coaster,0.00%,$0.0K
Set/4 badges cute creatures,0.00%,$0.0K
Space owl,0.00%,$0.0K
Folding umbrella chocolate polkadot,0.00%,$0.0K
Folding umbrella white/red polkadot,0.00%,$0.0K
Beaded crystal heart pink large,0.00%,$0.0K
Feng shui pillar candle,0.00%,$0.0K
Popart wooden pencils asst,0.00%,$0.0K
Pink jewelled photo frame,0.00%,$0.0K
Boom box speaker girls,0.00%,$0.0K
Danish rose trinket trays,0.00%,$0.0K
Pink b'fly c/cover w bobbles,0.00%,$0.0K
Red kukui coconut seed necklace,0.00%,$0.0K
White hand towel with butterfly,0.00%,$0.0K
Classical rose candlestand,0.00%,$0.0K
Blue & white breakfast tray,0.00%,$0.0K
Cream delphinium artificial flower,0.00%,$0.0K
Cream slice flannel chocolate spot,0.00%,$0.0K
Crochet rose purse with suede back,0.00%,$0.0K
Metal sign her dinner is served,0.00%,$0.0K
Small chunky glass roman  bowl,0.00%,$0.0K
Silk purse babushka red,0.00%,$0.0K
Stars gift tape,0.00%,$0.0K
Antique glass heart decoration,0.00%,$0.0K
Flames sunglasses pink lenses,0.00%,$0.0K
Pink flowers rabbit easter,0.00%,$0.0K
Pink retro big flower bag,0.00%,$0.0K
Toxic area  door hanger,0.00%,$0.0K
Set of 12 mini bunnies in a bucket,0.00%,$0.0K
Teatime round pencil sharpener,0.00%,$0.0K
12 pencils tall tube posy,0.00%,$0.0K
Stripes design monkey doll,0.00%,$0.0K
Tea cosy blue stripe,0.00%,$0.0K
French style storage jar bonbons,0.00%,$0.0K
French style storage jar cafe,0.00%,$0.0K
Glass and beads bracelet ivory,0.00%,$0.0K
Glass and painted beads bracelet ol,0.00%,$0.0K
Mirrored wall art skulls,0.00%,$0.0K
Pizza plate in box,0.00%,$0.0K
Blue birdhouse decoration,0.00%,$0.0K
Large  tall camphor wood toadstool,0.00%,$0.0K
Set/3 pot plant candles,0.00%,$0.0K
Wicker wreath small,0.00%,$0.0K
Assorted tutti frutti bracelet,0.00%,$0.0K
Denim patch purse pink butterfly,0.00%,$0.0K
Origami rose incense in tube,0.00%,$0.0K
Blue polkadot luggage tag,0.00%,$0.0K
Kids rain mac pink,0.00%,$0.0K
Large purple babushka notebook,0.00%,$0.0K
Assorted tutti frutti notebook,0.00%,$0.0K
Fairy dreams incense,0.00%,$0.0K
Hand warmer union jack,0.00%,$0.0K
White sage incense,0.00%,$0.0K
Wrap billboard fonts design,0.00%,$0.0K
Wrap wedding day,0.00%,$0.0K
Kitty pencil erasers,0.00%,$0.0K
Scandinavian 3 hearts napkin ring,0.00%,$0.0K
Blue charlie+lola personal doorsign,0.00%,$0.0K
Assorted tutti frutti keyring ball,0.00%,$0.0K
Blue paisley journal,0.00%,$0.0K
Blue scottie dog w flower pattern,0.00%,$0.0K
Easter tin bucket,0.00%,$0.0K
Envelope 50 blossom images,0.00%,$0.0K
"Feather pen,hot pink",0.00%,$0.0K
Red flock love heart photo frame,0.00%,$0.0K
Standing fairy pole support,0.00%,$0.0K
Retrospot candle  small,0.00%,$0.0K
Banquet birthday  card,0.00%,$0.0K
Booze & women greeting card,0.00%,$0.0K
Disco ball christmas decoration,0.00%,$0.0K
12 red rose peg place settings,0.00%,$0.0K
Assorted tutti frutti heart box,0.00%,$0.0K
Pocket bag pink paisely brown spot,0.00%,$0.0K
Rose folkart heart decorations,0.00%,$0.0K
Rotating leaves t-light holder,0.00%,$0.0K
Strawberry bath sponge,0.00%,$0.0K
Blue murano twist necklace,0.00%,$0.0K
Charlie and lola table tins,0.00%,$0.0K
Gold m pearl  orbit necklace,0.00%,$0.0K
Silver/mop orbit necklace,0.00%,$0.0K
Cake stand victorian filigree small,0.00%,$0.0K
Red enchanted forest placemat,0.00%,$0.0K
Set of 3 coney island oval boxes,0.00%,$0.0K
Set/3 decoupage stacking tins,0.00%,$0.0K
Set/4 red mini rose candle in bowl,0.00%,$0.0K
"Tumbler, baroque",0.00%,$0.0K
Lipstick pen baby pink,0.00%,$0.0K
Inflatable political globe,0.00%,$0.0K
Metal rabbit ladder easter,0.00%,$0.0K
Pink polkadot childrens umbrella,0.00%,$0.0K
Mini jigsaw spaceboy,0.00%,$0.0K
Number tile cottage garden no,0.00%,$0.0K
Party time pencil erasers,0.00%,$0.0K
Ridged glass finger bowl,0.00%,$0.0K
200 bendy skull straws,0.00%,$0.0K
Apple bath sponge,0.00%,$0.0K
Bathroom scales footprints in sand,0.00%,$0.0K
Blue geisha girl,0.00%,$0.0K
Wake up cockerel calendar sign,0.00%,$0.0K
Black champagne glass,0.00%,$0.0K
Frosted white base,0.00%,$0.0K
Mint green rose towel,0.00%,$0.0K
Large hanging ivory & red wood bird,0.00%,$0.0K
Blue paisley notebook,0.00%,$0.0K
Ribbon reel snowy village,0.00%,$0.0K
Small folding scissor(pointed edge),0.00%,$0.0K
Boom box speaker boys,0.00%,$0.0K
Large round wicker platter,0.00%,$0.0K
Rose du sud washbag,0.00%,$0.0K
Silver hoop earrings with flower,0.00%,$0.0K
Vintage glass coffee caddy,0.00%,$0.0K
Abstract circle journal,0.00%,$0.0K
Bird house hot water bottle,0.00%,$0.0K
Ceramic strawberry trinket tray,0.00%,$0.0K
"Flower fairy,5 summer b'draw liners",0.00%,$0.0K
Mousey long legs soft toy,0.00%,$0.0K
Pink foxglove artiifcial flower,0.00%,$0.0K
Psychedelic wall thermometer,0.00%,$0.0K
Purple foxglove artiifcial flower,0.00%,$0.0K
15 pink fluffy chicks in box,0.00%,$0.0K
Black enamel flower ring,0.00%,$0.0K
Blue  voile lampshade,0.00%,$0.0K
Cosy slipper shoes small green,0.00%,$0.0K
French paisley cushion cover,0.00%,$0.0K
Measuring tape babushka blue,0.00%,$0.0K
Rabbit easter decoration,0.00%,$0.0K
Set of 2 round tins dutch cheese,0.00%,$0.0K
Small regal  silver candlepot,0.00%,$0.0K
English rose metal waste bin,0.00%,$0.0K
Three canvas luggage tags,0.00%,$0.0K
Set 6 football celebration candles,0.00%,$0.0K
Hanging wood and felt heart,0.00%,$0.0K
3 gardenia morris boxed candles,0.00%,$0.0K
Abstract circles pocket book,0.00%,$0.0K
Antique cream cutlery shelf,0.00%,$0.0K
Blue murano twist bracelet,0.00%,$0.0K
Gardenia 1 wick morris boxed candle,0.00%,$0.0K
Green murano twist bracelet,0.00%,$0.0K
Rose 1 wick morris boxed candle,0.00%,$0.0K
Rose 3 wick morris box candle,0.00%,$0.0K
Spotty pink duck doorstop,0.00%,$0.0K
Vintage rose bead bracelet black,0.00%,$0.0K
Hand warmer babushka design,0.00%,$0.0K
Paper pocket traveling fan,0.00%,$0.0K
Pink cat bowl,0.00%,$0.0K
Set/4 daisy mirror magnets,0.00%,$0.0K
White chrysanthemums art flower,0.00%,$0.0K
Crochet bear red/blue  keyring,0.00%,$0.0K
Daisy notebook,0.00%,$0.0K
Garden metal sign,0.00%,$0.0K
Set of 3 coloured  flying ducks,0.00%,$0.0K
4 sky blue dinner candles,0.00%,$0.0K
Easter bunny hanging garland,0.00%,$0.0K
Eau de nil love bird candle,0.00%,$0.0K
Four rabbit easter decorations,0.00%,$0.0K
Glamorous  mug,0.00%,$0.0K
Flowers  stickers,0.00%,$0.0K
Fruit tree and birds wall plaque,0.00%,$0.0K
Green easter egg hunt start post,0.00%,$0.0K
Number tile vintage font 4,0.00%,$0.0K
Scotties design washbag,0.00%,$0.0K
Wicker wreath large,0.00%,$0.0K
Blue circles design teddy,0.00%,$0.0K
Origami jasmine incense/candle set,0.00%,$0.0K
Origami rose incense/candle set,0.00%,$0.0K
Origami vanilla incense/candle set,0.00%,$0.0K
Paperweight home sweet home,0.00%,$0.0K
Set of 4 napkin charms leaves,0.00%,$0.0K
Vintage kitchen print fruits,0.00%,$0.0K
Vintage kitchen print puddings,0.00%,$0.0K
Vintage kitchen print vegetables,0.00%,$0.0K
White/pink chick easter decoration,0.00%,$0.0K
Bank account  greeting  card,0.00%,$0.0K
Botanical lavender birthday card,0.00%,$0.0K
Botanical lily greeting card,0.00%,$0.0K
"Greeting card,square, doughnuts",0.00%,$0.0K
4 rose pink dinner candles,0.00%,$0.0K
Abstract circles sketchbook,0.00%,$0.0K
"Bathroom scales, tropical beach",0.00%,$0.0K
Black medium glass cake stand,0.00%,$0.0K
Blue/cream stripe cushion cover,0.00%,$0.0K
Candy heart hanging decoration,0.00%,$0.0K
Cherry blossom luggage tag,0.00%,$0.0K
Empire tissue box,0.00%,$0.0K
First class luggage tag,0.00%,$0.0K
Floral pink monster,0.00%,$0.0K
Folk felt hanging multicol garland,0.00%,$0.0K
Garden path sketchbook,0.00%,$0.0K
Mirrored wall art splodges,0.00%,$0.0K
Pack 3 fire engine/car patches,0.00%,$0.0K
Pink rose fabric mirror,0.00%,$0.0K
Pink rosebud pearl bracelet,0.00%,$0.0K
Porcelain t-light holders assorted,0.00%,$0.0K
Ridged glass storage jar cream lid,0.00%,$0.0K
Set of 4 polkadot placemats,0.00%,$0.0K
Silver bracelet w pastel flower,0.00%,$0.0K
Vintage billboard mug,0.00%,$0.0K
Zinc heart lattice charger large,0.00%,$0.0K
Fairy cakes notebook a6 size,0.00%,$0.0K
Steel sweetheart round table cream,0.00%,$0.0K
Triangular pouffe vintage,0.00%,$0.0K
Blue  diamante pen in gift box,0.00%,$0.0K
Green  diamante pen in gift box,0.00%,$0.0K
Joy wooden block letters,0.00%,$0.0K
Lilac diamante pen in gift box,0.00%,$0.0K
Pink diamante pen in gift box,0.00%,$0.0K
Romantic images scrap book set,0.00%,$0.0K
Silver diamante pen in gift box,0.00%,$0.0K
Tv dinner tray vintage paisley,0.00%,$0.0K
Crochet rose des clothes hanger,0.00%,$0.0K
Black and white dog bowl,0.00%,$0.0K
Retro plastic daisy tray,0.00%,$0.0K
Candy spot hand bag,0.00%,$0.0K
Large skull windmill,0.00%,$0.0K
Round pink heart mirror,0.00%,$0.0K
Moody girl door hanger,0.00%,$0.0K
Lovely bonbon sticker sheet,0.00%,$0.0K
Red pudding spoon,0.00%,$0.0K
Bag of silver stones,0.00%,$0.0K
Red hearts light chain,0.00%,$0.0K
Cinnamon scented votive candle,0.00%,$0.0K
Purple boudicca large bracelet,0.00%,$0.0K
Red boudicca large bracelet,0.00%,$0.0K
Turq+red boudicca large bracelet,0.00%,$0.0K
Christmas metal postcard with bells,0.00%,$0.0K
Lavender incense in tin,0.00%,$0.0K
Red retrospot tissue box,0.00%,$0.0K
English rose notebook a6 size,0.00%,$0.0K
Cinammon set of 9 t-lights,0.00%,$0.0K
Funky monkey cushion cover,0.00%,$0.0K
Small stripes chocolate gift bag,0.00%,$0.0K
Peace small wood letters,0.00%,$0.0K
Silver t-light setting,0.00%,$0.0K
60 cake cases vintage christmas,0.00%,$0.0K
White bell honeycomb paper,0.00%,$0.0K
Cartoon  pencil sharpeners,0.00%,$0.0K
Black baroque wall clock,0.00%,$0.0K
Black sweetheart bracelet,0.00%,$0.0K
"Charlie+lola""extremely busy"" sign",0.00%,$0.0K
Cupid design scented candles,0.00%,$0.0K
Green juicy fruit photo frame,0.00%,$0.0K
Mirrored wall art photo frames,0.00%,$0.0K
New baroque black boxes,0.00%,$0.0K
Savoy art deco clock,0.00%,$0.0K
Set of 16 vintage ivory cutlery,0.00%,$0.0K
Set of 4 napkin charms stars,0.00%,$0.0K
Stripes design teddy,0.00%,$0.0K
Vintage keepsake box paris days,0.00%,$0.0K
Vintage keepsake box travelogue,0.00%,$0.0K
Gold scroll glass t-light holder,0.00%,$0.0K
House wrecking metal sign,0.00%,$0.0K
Set/6 eau de nil bird t-lights,0.00%,$0.0K
Vippassport cover,0.00%,$0.0K
Wake up cockerel tile hook,0.00%,$0.0K
Eight piece dinosaur set,0.00%,$0.0K
French blue metal door sign no,0.00%,$0.0K
Set/4 badges dogs,0.00%,$0.0K
T-light holder hanging lace,0.00%,$0.0K
Beach hut shelf w 3 drawers,0.00%,$0.0K
Flag of st george chair,0.00%,$0.0K
Jardin etched glass small bell jar,0.00%,$0.0K
Pink dog cannister,0.00%,$0.0K
Pink oval jewelled mirror,0.00%,$0.0K
Zinc heart lattice tray oval,0.00%,$0.0K
"Feather pen,light pink",0.00%,$0.0K
Modern vintage cotton shopping bag,0.00%,$0.0K
Classic white frame,0.00%,$0.0K
Set of 6 ice cream skittles,0.00%,$0.0K
Assorted cheese fridge magnets,0.00%,$0.0K
Fuschia voile pointy shoe dec,0.00%,$0.0K
Multicolour easter rabbit,0.00%,$0.0K
Silver mug bone china tree of life,0.00%,$0.0K
Door hanger  mum + dads room,0.00%,$0.0K
Pink heart shape photo frame,0.00%,$0.0K
Small pink glass sundae dish,0.00%,$0.0K
Magic drawing slate go to the fair,0.00%,$0.0K
4 pear botanical dinner candles,0.00%,$0.0K
Blue paisley sketchbook,0.00%,$0.0K
Floral bathroom set,0.00%,$0.0K
Green wire standing candle holder,0.00%,$0.0K
Hello sailor bathroom set,0.00%,$0.0K
Hilda candy spot rabbit,0.00%,$0.0K
Money box housekeeping design,0.00%,$0.0K
Pink love bird candle,0.00%,$0.0K
Pink rose washbag,0.00%,$0.0K
Toast its - i love you,0.00%,$0.0K
Cakes and rabbits design flannel,0.00%,$0.0K
Mock lobster fridge magnet,0.00%,$0.0K
Multi hearts  stickers,0.00%,$0.0K
Party time design flannel,0.00%,$0.0K
Sewing susan 21 needle set,0.00%,$0.0K
S/3 pink square planters roses,0.00%,$0.0K
75 green petit four cases,0.00%,$0.0K
Pack of 12 circus parade tissues,0.00%,$0.0K
Birthday banquet gift wrap,0.00%,$0.0K
Magic drawing slate leap frog,0.00%,$0.0K
Mirrored dove wall decoration,0.00%,$0.0K
Murano style glass bracelet gold,0.00%,$0.0K
Murano style glass bracelet red,0.00%,$0.0K
Wrap carousel,0.00%,$0.0K
"Wrap, carousel",0.00%,$0.0K
Skulls tape,0.00%,$0.0K
Green fern journal,0.00%,$0.0K
Musical zinc heart decoration,0.00%,$0.0K
Necklace+bracelet set blue hibiscus,0.00%,$0.0K
Party invites football,0.00%,$0.0K
Skulls design flannel,0.00%,$0.0K
Woodland  stickers,0.00%,$0.0K
Yellow felt hanging heart w flower,0.00%,$0.0K
Moody boy  door hanger,0.00%,$0.0K
Hello sailor blue soap holder,0.00%,$0.0K
Rectangular shaped mirror,0.00%,$0.0K
Pin cushion babushka blue,0.00%,$0.0K
Pin cushion babushka pink,0.00%,$0.0K
Daisy folkart heart decoration,0.00%,$0.0K
Frog candle,0.00%,$0.0K
Porcelain rose large,0.00%,$0.0K
Set of 3 bird light pink feather,0.00%,$0.0K
Chunky silver necklace pastel flowe,0.00%,$0.0K
Green murano twist necklace,0.00%,$0.0K
Joy large wood letters,0.00%,$0.0K
Pink murano twist necklace,0.00%,$0.0K
Silver/black orbit necklace,0.00%,$0.0K
Empire union jack tv dinner tray,0.00%,$0.0K
Silver looking mirror,0.00%,$0.0K
Small round cut glass candlestick,0.00%,$0.0K
Woven berries cushion cover,0.00%,$0.0K
Woven candy cushion cover,0.00%,$0.0K
Green fern notebook,0.00%,$0.0K
Ivory knitted mug cosy,0.00%,$0.0K
Small tall camphor wood toadstool,0.00%,$0.0K
Scottie dogs baby bib,0.00%,$0.0K
Yellow breakfast cup and saucer,0.00%,$0.0K
Floor cushion elephant carnival,0.00%,$0.0K
White glass chunky charm bracelet,0.00%,$0.0K
Ant silver fuschia boudicca ring,0.00%,$0.0K
Top secret pen set,0.00%,$0.0K
Keep out boys door hanger,0.00%,$0.0K
Ass colour glowing tiaras,0.00%,$0.0K
Black grand baroque photo frame,0.00%,$0.0K
Christmas lights 10 reindeer,0.00%,$0.0K
Glass bead hoop necklace amethyst,0.00%,$0.0K
Glass bead hoop necklace montana,0.00%,$0.0K
Hand open shape gold,0.00%,$0.0K
Mint kitchen scales,0.00%,$0.0K
New baroque black photo album,0.00%,$0.0K
Pink & white rosebud ring,0.00%,$0.0K
Silver m.o.p orbit drop earrings,0.00%,$0.0K
Sweetheart carry-all basket,0.00%,$0.0K
Flower fairy incense bouquet,0.00%,$0.0K
White hydrangea art flower,0.00%,$0.0K
S/4 ivory mini rose candle in bowl,0.00%,$0.0K
Columbian candle rectangle,0.00%,$0.0K
Carousel ponies baby bib,0.00%,$0.0K
Square floor cushion vintage red,0.00%,$0.0K
Wall mirror rectangle diamante pink,0.00%,$0.0K
Hot water bottle tea and sympathy,0.00%,$0.0K
Cakes and bows gift  tape,0.00%,$0.0K
Cute cats tape,0.00%,$0.0K
Toothpaste tube pen,0.00%,$0.0K
Blue easter egg hunt start post,0.00%,$0.0K
French chateau large fruit bowl,0.00%,$0.0K
Number tile vintage font 1,0.00%,$0.0K
Number tile vintage font 3,0.00%,$0.0K
Number tile vintage font 5,0.00%,$0.0K
Pink yellow patch cushion cover,0.00%,$0.0K
Teatime pen case & pens,0.00%,$0.0K
4 ivory dinner candles silver flock,0.00%,$0.0K
Blue circles design monkey doll,0.00%,$0.0K
Candy spot heart decoration,0.00%,$0.0K
Daisy journal,0.00%,$0.0K
Ivory sculpted rnd candle,0.00%,$0.0K
La palmiera wall thermometer,0.00%,$0.0K
Madras notebook medium,0.00%,$0.0K
"Retro pill box key chain,the king",0.00%,$0.0K
Camphor wood portobello mushroom,0.00%,$0.0K
Crazy daisy heart decoration,0.00%,$0.0K
Lads only tissue box,0.00%,$0.0K
Metal sign cupcake single hook,0.00%,$0.0K
"Small pop box,funky monkey",0.00%,$0.0K
Sprig lavender artificial flower,0.00%,$0.0K
Small hanging glass+zinc lantern,0.00%,$0.0K
Summer fun design shower cap,0.00%,$0.0K
Dove decoration painted zinc,0.00%,$0.0K
Lavender scent cake candle,0.00%,$0.0K
Cubic mug flock blue on brown,0.00%,$0.0K
Best dad candle letters,0.00%,$0.0K
Sandalwood fan,0.00%,$0.0K
Metal tube chime on bamboo,0.00%,$0.0K
Purple anemone artificial flower,0.00%,$0.0K
Mini ladle love heart red,0.00%,$0.0K
Icon mug revolutionary,0.00%,$0.0K
Red polkadot pudding bowl,0.00%,$0.0K
Small blue provencal ceramic ball,0.00%,$0.0K
Colour glass. star t-light holder,0.00%,$0.0K
Assorted colour silk glasses case,0.00%,$0.0K
Hand warmer bird design,0.00%,$0.0K
Large red babushka notebook,0.00%,$0.0K
Money box confectionery design,0.00%,$0.0K
Queen of skies luggage tag,0.00%,$0.0K
Set of 4 polkadot coasters,0.00%,$0.0K
Small white/pink rose art flower,0.00%,$0.0K
Space frog,0.00%,$0.0K
White and blue ceramic oil burner,0.00%,$0.0K
Doggy rubber,0.00%,$0.0K
Porcelain budah incense holder,0.00%,$0.0K
Candy shop  sticker sheet,0.00%,$0.0K
Grass hopper wooden wall clock,0.00%,$0.0K
Pink and black string curtain,0.00%,$0.0K
Pink paisley cushion cover,0.00%,$0.0K
3 hearts hanging decoration rustic,0.00%,$0.0K
Cosy slipper shoes small  red,0.00%,$0.0K
"Folk art greeting card,pack/12",0.00%,$0.0K
Green glass tassle bag charm,0.00%,$0.0K
Metal sign his dinner is served,0.00%,$0.0K
Modern floral stationery set,0.00%,$0.0K
Pack/12 blue folkart cards,0.00%,$0.0K
Pink strawberry handbag,0.00%,$0.0K
Star portable table light,0.00%,$0.0K
Yellow/blue retro radio,0.00%,$0.0K
Polyester filler pad 45x30cm,0.00%,$0.0K
Letter shape pencil sharpener,0.00%,$0.0K
Black ear muff headphones,0.00%,$0.0K
Mummy mouse red gingham ribbon,0.00%,$0.0K
Namaste swagat incense,0.00%,$0.0K
Dragons blood incense,0.00%,$0.0K
Love potion masala incense,0.00%,$0.0K
Tranquility masala incense,0.00%,$0.0K
Cake shop  sticker sheet,0.00%,$0.0K
Christmas metal tags assorted,0.00%,$0.0K
Chrysanthemum pocket book,0.00%,$0.0K
Hanging bauble t-light holder small,0.00%,$0.0K
Origami sandlewood incense/cand set,0.00%,$0.0K
Paperweight childhood memories,0.00%,$0.0K
Paperweight kings choice,0.00%,$0.0K
Party cone christmas decoration,0.00%,$0.0K
Pink scottie dog w flower pattern,0.00%,$0.0K
Pink tall porcelain t-light holder,0.00%,$0.0K
T-light holder white lace,0.00%,$0.0K
Blue polkadot pudding bowl,0.00%,$0.0K
"Decoupage,greeting card,",0.00%,$0.0K
Swirly circular rubbers in bag,0.00%,$0.0K
Asstd col butterfly/crystal w/chime,0.00%,$0.0K
Black love bird candle,0.00%,$0.0K
Blue calculator ruler,0.00%,$0.0K
Decorative flore bathroom bottle,0.00%,$0.0K
Ninja rabbit pink,0.00%,$0.0K
"Pocket mirror ""glamorous""",0.00%,$0.0K
Green pendant triple shell necklace,0.00%,$0.0K
Turq pendant triple shell necklace,0.00%,$0.0K
Woven frost cushion cover,0.00%,$0.0K
Flag of st george,0.00%,$0.0K
Small camphor wood field  mushroom,0.00%,$0.0K
Wood stamp set flowers,0.00%,$0.0K
Pink breakfast cup and saucer,0.00%,$0.0K
Essential balm 3.5g tin in envelope,0.00%,$0.0K
Amber diamante expandable ring,0.00%,$0.0K
Baby mouse red gingham dress,0.00%,$0.0K
Blue paisley pocket book,0.00%,$0.0K
Floral blue monster,0.00%,$0.0K
Hen house w family in barn & nest,0.00%,$0.0K
Pink metal swinging bunny,0.00%,$0.0K
Polyester filler pad 65cmx65cm,0.00%,$0.0K
Curious images gift wrap set,0.00%,$0.0K
Hanging heart basket,0.00%,$0.0K
Pink  honeycomb paper fan,0.00%,$0.0K
Set/4 butterfly mirror magnets,0.00%,$0.0K
Set/6 black bird t-light candles,0.00%,$0.0K
Silver photo frame,0.00%,$0.0K
Polkadot mug pink,0.00%,$0.0K
Blue polkadot kids bag,0.00%,$0.0K
Colourful flower fruit bowl,0.00%,$0.0K
French chateau oval platter,0.00%,$0.0K
Number tile vintage font 0,0.00%,$0.0K
Number tile vintage font 8,0.00%,$0.0K
Pink party sunglasses,0.00%,$0.0K
"Retro pill box , revolutionary",0.00%,$0.0K
3 pink hen+chicks in basket,0.00%,$0.0K
Blue flower des purse,0.00%,$0.0K
Buttons and stripes notebook,0.00%,$0.0K
Charlie & lola wastepaper bin flora,0.00%,$0.0K
Clam shell large,0.00%,$0.0K
Cream and pink flowers pony,0.00%,$0.0K
Daisy sketchbook,0.00%,$0.0K
Economy luggage tag,0.00%,$0.0K
Edwardian drop earrings jet black,0.00%,$0.0K
Flower burst silver ring crystal,0.00%,$0.0K
Large yellow babushka notebook,0.00%,$0.0K
Madras notebook large,0.00%,$0.0K
Midnight blue pair heart hair slide,0.00%,$0.0K
Milk pan pink polkadot,0.00%,$0.0K
Money box first ade design,0.00%,$0.0K
Periwinkle t-light holder,0.00%,$0.0K
Pink pot plant candle,0.00%,$0.0K
Rose colour pair heart hair slides,0.00%,$0.0K
Set of 4 carousel placemats,0.00%,$0.0K
Silver fabric mirror,0.00%,$0.0K
Murano style glass bracelet black,0.00%,$0.0K
Columbian  cube candle,0.00%,$0.0K
English rose small scented flower,0.00%,$0.0K
Garden path pocket book,0.00%,$0.0K
Pack 20 english rose paper napkins,0.00%,$0.0K
Small medina stamped metal bowl,0.00%,$0.0K
Hanging wood and felt flower,0.00%,$0.0K
Assorted monkey suction cup hook,0.00%,$0.0K
Glow in dark dolphins,0.00%,$0.0K
Black bird garden design mug,0.00%,$0.0K
Black drop earrings w long beads,0.00%,$0.0K
Blue breakfast cup and saucer,0.00%,$0.0K
Bohemian collage stationery set,0.00%,$0.0K
Economy holiday purse,0.00%,$0.0K
Folkart heart napkin rings,0.00%,$0.0K
Heart string memo holder hanging,0.00%,$0.0K
Ivory pillar candle silver flock,0.00%,$0.0K
Silver/amethyst drop earrings leaf,0.00%,$0.0K
Skulls storage box large,0.00%,$0.0K
Vintage bead notebook,0.00%,$0.0K
Painted metal heart with holly bell,0.00%,$0.0K
Pink candystuft artificial flower,0.00%,$0.0K
Icon placemat pop art elvis,0.00%,$0.0K
Hearts gift tape,0.00%,$0.0K
Hearts wrapping tape,0.00%,$0.0K
Black mini tape measure,0.00%,$0.0K
Chrysanthemum  journal,0.00%,$0.0K
Eau de nile jewelled photoframe,0.00%,$0.0K
Envelope 50 romantic images,0.00%,$0.0K
Flower purple clock w/sucker,0.00%,$0.0K
Garden path journal,0.00%,$0.0K
Glitter heart decoration,0.00%,$0.0K
Hanging butterfly  egg,0.00%,$0.0K
Mirrored wall art poppies,0.00%,$0.0K
Set of 4 napkin charms instrument,0.00%,$0.0K
Assorted laquered incense holders,0.00%,$0.0K
Blue hanging gingham easter hen,0.00%,$0.0K
House shape pencil sharpener,0.00%,$0.0K
Pink hanging gingham easter hen,0.00%,$0.0K
Beaded crystal heart blue small,0.00%,$0.0K
Blue hole punch,0.00%,$0.0K
Blue paisley tissue box,0.00%,$0.0K
Elvis wallhanging / curtain,0.00%,$0.0K
Hanging heart with bell,0.00%,$0.0K
Polyester filler pad 30cmx30cm,0.00%,$0.0K
Posy candy bag,0.00%,$0.0K
Purple/turq flowers handbag,0.00%,$0.0K
Retro pink ball ashtray,0.00%,$0.0K
Tropical luggage tag,0.00%,$0.0K
Vanilla incense 40 cones in tin,0.00%,$0.0K
Wake up cockerel tile coaster,0.00%,$0.0K
Wrap bad hair day,0.00%,$0.0K
Big polkadot mug,0.00%,$0.0K
Stripy design shower cap,0.00%,$0.0K
Wine bottle dressing lt.blue,0.00%,$0.0K
"Greeting card, sticky gordon",0.00%,$0.0K
Hand warmer scotty dog design,0.00%,$0.0K
Old doc russel metal sign,0.00%,$0.0K
Set/4 bird mirror magnets,0.00%,$0.0K
Spots on red bookcover tape,0.00%,$0.0K
Set of 6 nativity magnets,0.00%,$0.0K
Pink fly swat,0.00%,$0.0K
Ass floral print spirit level,0.00%,$0.0K
English rose spirit level,0.00%,$0.0K
"Retro ""tea for one"" ",0.00%,$0.0K
Blue stones on wire for candle,0.00%,$0.0K
Clear stationery box set,0.00%,$0.0K
Envelope 50 curious images,0.00%,$0.0K
Pack 20 dolly pegs,0.00%,$0.0K
Sweet pudding sticker sheet,0.00%,$0.0K
Medium white/pink rose art flower,0.00%,$0.0K
Army camo bookcover tape,0.00%,$0.0K
Assorted circular mobile,0.00%,$0.0K
75 green fairy cake cases,0.00%,$0.0K
Beaded pearl heart white large,0.00%,$0.0K
Blue travel first aid kit,0.00%,$0.0K
Chrysanthemum notebook,0.00%,$0.0K
Eau de nile heart shape photo frame,0.00%,$0.0K
Glass chalice green  small,0.00%,$0.0K
Origami vanilla incense cones,0.00%,$0.0K
Orange flower mug,0.00%,$0.0K
Pastel pink photo album,0.00%,$0.0K
Christmas pudding trinket pot,0.00%,$0.0K
Fan black frame,0.00%,$0.0K
Set of 72 green paper doilies,0.00%,$0.0K
Black orange squeezer,0.00%,$0.0K
Mini jigsaw bake a cake,0.00%,$0.0K
Mini ladle love heart pink,0.00%,$0.0K
Retro plastic 70's tray,0.00%,$0.0K
Assorted colour metal cat,0.00%,$0.0K
Eight piece creepy crawlie set,0.00%,$0.0K
"Letter ""p"" bling key ring",0.00%,$0.0K
Orange felt vase + flowers,0.00%,$0.0K
Pack 4 flower/butterfly patches,0.00%,$0.0K
Pink paisley square tissue box,0.00%,$0.0K
"S/4 icon coaster,elvis lives",0.00%,$0.0K
Set of 4 green carousel coasters,0.00%,$0.0K
Set/6 bead coasters gauze bag gold,0.00%,$0.0K
Skulls square tissue box,0.00%,$0.0K
Space cadet black,0.00%,$0.0K
Toast its - dinosaur,0.00%,$0.0K
Traditional christmas ribbons,0.00%,$0.0K
Vintage bead pink shade,0.00%,$0.0K
Cubic mug flock pink on brown,0.00%,$0.0K
Green pop art mao cushion cover,0.00%,$0.0K
Blue white plastic rings lampshade,0.00%,$0.0K
Kittens design flannel,0.00%,$0.0K
Paisley pattern  stickers,0.00%,$0.0K
Pink crystal guitar phone charm,0.00%,$0.0K
Set/12 taper candles,0.00%,$0.0K
Strawberries  design flannel,0.00%,$0.0K
Ass col circle mobile,0.00%,$0.0K
Mini jigsaw go to the fair,0.00%,$0.0K
Yellow pink flower design big bowl,0.00%,$0.0K
Folding camping scissor w/knif & s,0.00%,$0.0K
Wine bottle dressing dark blue,0.00%,$0.0K
Elephant clip w suction cup,0.00%,$0.0K
Hen house w chick in nest,0.00%,$0.0K
Lilac gauze butterfly lampshade,0.00%,$0.0K
Pink gauze butterfly lampshade,0.00%,$0.0K
Black feather christmas decoration,0.00%,$0.0K
